date,SITE,transect,site,year,VWC,soilT,CO2_fluxg,CH4_fluxmg,N2O_fluxmg,O2,code,category
7/8/12,NWC1,NWC,1,2012,7.8,11.1667,0.32,NaN,NaN,NaN,7,upland
7/15/12,NWC1,NWC,1,2012,6.5,12.5333,0.64,NaN,NaN,NaN,7,upland
7/17/12,NWC1,NWC,1,2012,7.3,11.8333,0.68,NaN,NaN,NaN,7,upland
7/24/12,NWC1,NWC,1,2012,4.2,12.55,0.57,NaN,NaN,NaN,7,upland
7/26/12,NWC1,NWC,1,2012,6,11,0.32,NaN,NaN,20.7,7,upland
7/30/12,NWC1,NWC,1,2012,4.5,14.4333,0.41,NaN,NaN,NaN,7,upland
8/1/12,NWC1,NWC,1,2012,4.2,15.5667,0.32,NaN,NaN,NaN,7,upland
8/8/12,NWC1,NWC,1,2012,6.5,12.9,0.22,NaN,NaN,20.3,7,upland
6/26/12,NWC2,NWC,2,2012,11.4,10.4333,0.41,-0.043013,0.0092795,20.6,7,upland
7/8/12,NWC2,NWC,2,2012,5,11.4667,0.32,NaN,NaN,NaN,7,upland
7/15/12,NWC2,NWC,2,2012,6.5,12.3,0.76,NaN,NaN,NaN,7,upland
7/17/12,NWC2,NWC,2,2012,7.6,11.6,0.33,NaN,NaN,NaN,7,upland
7/24/12,NWC2,NWC,2,2012,4.4,12.8333,0.36,NaN,NaN,NaN,7,upland
7/26/12,NWC2,NWC,2,2012,5.2,10.2333,0.18,NaN,NaN,20.5,7,upland
7/30/12,NWC2,NWC,2,2012,5,12.9667,0.09,NaN,NaN,NaN,7,upland
8/1/12,NWC2,NWC,2,2012,4.7,15.6,0.15,NaN,NaN,NaN,7,upland
8/8/12,NWC2,NWC,2,2012,4.7,12.2333,0.13,NaN,NaN,20.3,7,upland
6/26/12,NWC3,NWC,3,2012,8.8,10.9667,0.48,-0.018936,0.015182,21,7,upland
7/8/12,NWC3,NWC,3,2012,4.7,10.9,0.23,NaN,NaN,NaN,7,upland
7/15/12,NWC3,NWC,3,2012,4.5,12.1333,0.57,NaN,NaN,NaN,7,upland
7/17/12,NWC3,NWC,3,2012,6.3,11.7667,0.53,NaN,NaN,NaN,7,upland
7/24/12,NWC3,NWC,3,2012,1.8,11.7667,0.28,NaN,NaN,NaN,7,upland
7/26/12,NWC3,NWC,3,2012,4.7,9.8,0.14,NaN,NaN,20.1,7,upland
7/30/12,NWC3,NWC,3,2012,3.7,14.6333,0.35,NaN,NaN,NaN,7,upland
8/1/12,NWC3,NWC,3,2012,3.7,13.9667,0.16,NaN,NaN,NaN,7,upland
8/8/12,NWC3,NWC,3,2012,4,11.7333,0.18,NaN,NaN,NaN,7,upland
6/26/12,NWC4,NWC,4,2012,8.3,10.5,0.48,-0.031412,0.0083301,20.8,5,upland
7/8/12,NWC4,NWC,4,2012,4.7,10.6333,0.19,NaN,NaN,NaN,5,upland
7/15/12,NWC4,NWC,4,2012,5,12.2,0.41,NaN,NaN,NaN,5,upland
7/17/12,NWC4,NWC,4,2012,6.3,11.1333,0.37,NaN,NaN,NaN,5,upland
7/24/12,NWC4,NWC,4,2012,3,12.1333,0.46,NaN,NaN,NaN,5,upland
7/26/12,NWC4,NWC,4,2012,4.5,10.3667,0.28,NaN,NaN,20.5,5,upland
7/30/12,NWC4,NWC,4,2012,3.7,12.7667,0.2,NaN,NaN,NaN,5,upland
8/1/12,NWC4,NWC,4,2012,4,14.3,0.21,NaN,NaN,NaN,5,upland
8/8/12,NWC4,NWC,4,2012,4.3,12.3,0.17,NaN,NaN,NaN,5,upland
5/29/13,NWC4,NWC,4,2013,17.7,1.3,NaN,-0.0052776,0.016494,20.8,5,upland
6/4/13,NWC4,NWC,4,2013,20.1,1.1,NaN,-0.053881,0.010162,20.7,5,upland
6/10/13,NWC4,NWC,4,2013,NaN,4.0667,0.1,NaN,NaN,NaN,5,upland
6/13/13,NWC4,NWC,4,2013,23.1,7,0.28,NaN,NaN,NaN,5,upland
6/18/13,NWC4,NWC,4,2013,15.1,11.4333,0.54,-0.0021432,-0.0024324,21,5,upland
6/24/13,NWC4,NWC,4,2013,16,9.3,0.25,-0.0051956,-0.001458,21,5,upland
7/1/13,NWC4,NWC,4,2013,11.9,15.3333,0.62,-0.0082101,0.0039051,NaN,5,upland
7/9/13,NWC4,NWC,4,2013,5.4,14,0.28,-0.030319,-0.00049152,21,5,upland
7/16/13,NWC4,NWC,4,2013,4,11.3333,0.23,NaN,NaN,NaN,5,upland
7/24/13,NWC4,NWC,4,2013,2.6,13.0667,0.36,-0.023587,-0.00049299,20.7,5,upland
7/30/13,NWC4,NWC,4,2013,3.8,11,0.4,-0.031757,0.0034465,21,5,upland
8/7/13,NWC4,NWC,4,2013,5.1,10,0.29,-0.029143,-0.0088503,21,5,upland
8/20/13,NWC4,NWC,4,2013,2.5,11.6,0.25,NaN,0.00036978,NaN,5,upland
9/12/13,NWC4,NWC,4,2013,3.3,8.9,0.53,NaN,NaN,20.8,5,upland
6/26/12,NWC5,NWC,5,2012,7.6,10.4333,0.29,-0.036267,0.019615,20.8,5,upland
7/8/12,NWC5,NWC,5,2012,5.8,10.4333,0.05,NaN,NaN,NaN,5,upland
7/15/12,NWC5,NWC,5,2012,4.7,12.4333,0.53,NaN,NaN,NaN,5,upland
7/17/12,NWC5,NWC,5,2012,5.2,11.3,0.65,NaN,NaN,NaN,5,upland
7/24/12,NWC5,NWC,5,2012,1.2,11.8,0.4,NaN,NaN,NaN,5,upland
7/26/12,NWC5,NWC,5,2012,4.7,10.55,0.52,NaN,NaN,20.5,5,upland
7/30/12,NWC5,NWC,5,2012,3.7,12.7667,0.47,NaN,NaN,NaN,5,upland
8/1/12,NWC5,NWC,5,2012,3.4,14.2333,0.44,NaN,NaN,19.6,5,upland
8/8/12,NWC5,NWC,5,2012,4.7,12.1333,0.31,NaN,NaN,NaN,5,upland
5/29/13,NWC5,NWC,5,2013,17.7,1.4,NaN,-0.050461,0.019405,20.7,5,upland
6/4/13,NWC5,NWC,5,2013,17.4,1.2667,NaN,-0.05631,0.0019411,20.7,5,upland
6/10/13,NWC5,NWC,5,2013,NaN,5.2333,0.31,NaN,NaN,NaN,5,upland
6/13/13,NWC5,NWC,5,2013,10.5,7,0.28,NaN,NaN,NaN,5,upland
6/18/13,NWC5,NWC,5,2013,15.5,14.6667,0.54,-0.0054485,0.0029176,20,5,upland
6/24/13,NWC5,NWC,5,2013,7.6,8.9,0.47,-0.063712,0.011769,20.6,5,upland
7/1/13,NWC5,NWC,5,2013,9.6,15.3333,0.51,-0.028906,0.023977,NaN,5,upland
7/9/13,NWC5,NWC,5,2013,4.5,12.3333,0.54,-0.0093345,-0.000492,20.7,5,upland
7/16/13,NWC5,NWC,5,2013,4.4,10,0.45,NaN,NaN,NaN,5,upland
7/24/13,NWC5,NWC,5,2013,2.8,12.8333,0.55,-0.064833,0.0078862,20.7,5,upland
7/30/13,NWC5,NWC,5,2013,1.8,12,0.67,NaN,0.00086347,20.8,5,upland
8/7/13,NWC5,NWC,5,2013,3.2,10.3333,0.57,-0.067785,-0.0083755,20.1,5,upland
8/19/13,NWC5,NWC,5,2013,4.3,13,0.93,NaN,-0.0004921,NaN,5,upland
9/12/13,NWC5,NWC,5,2013,3.6,9.6333,0.55,-0.079165,0.0014774,20.7,5,upland
6/26/12,NWC6,NWC,6,2012,9.9,9.2333,0.3,-0.076799,0.019078,20.9,3,upland
7/8/12,NWC6,NWC,6,2012,7.3,8.6333,0.32,NaN,NaN,NaN,3,upland
7/15/12,NWC6,NWC,6,2012,7,10.3667,0.58,NaN,NaN,NaN,3,upland
7/17/12,NWC6,NWC,6,2012,10.1,9.7667,0.52,NaN,NaN,NaN,3,upland
7/24/12,NWC6,NWC,6,2012,7.9,9.8,0.4,NaN,NaN,NaN,3,upland
7/26/12,NWC6,NWC,6,2012,6.5,9.5667,0.22,NaN,NaN,20.4,3,upland
7/30/12,NWC6,NWC,6,2012,4.7,10.2,0.32,NaN,NaN,NaN,3,upland
8/1/12,NWC6,NWC,6,2012,5.2,11.6667,0.48,NaN,NaN,NaN,3,upland
8/8/12,NWC6,NWC,6,2012,6.3,10.6,0.23,NaN,NaN,NaN,3,upland
6/4/13,NWC6,NWC,6,2013,24.3,1.1333,NaN,-0.0743,0.0038538,19.8,3,upland
6/10/13,NWC6,NWC,6,2013,NaN,20,0.3,NaN,NaN,NaN,3,upland
6/13/13,NWC6,NWC,6,2013,29.1,5,0.12,NaN,NaN,NaN,3,upland
6/18/13,NWC6,NWC,6,2013,28,11,0.38,0,-0.00095967,20.3,3,upland
6/24/13,NWC6,NWC,6,2013,28.4,7.9,0.3,NaN,-0.00059954,20.5,3,upland
7/1/13,NWC6,NWC,6,2013,10.5,14.6667,0.4,-0.083689,-0.0048886,NaN,3,upland
7/9/13,NWC6,NWC,6,2013,12,10.3333,0.34,-0.055108,0.0019523,20.8,3,upland
7/16/13,NWC6,NWC,6,2013,6.9,8.5,0.37,NaN,NaN,20.9,3,upland
7/24/13,NWC6,NWC,6,2013,4.1,13.6,0.42,-0.108,0.0034454,20.8,3,upland
7/30/13,NWC6,NWC,6,2013,5.7,9.3333,0.46,-0.09689,-0.0049137,20.7,3,upland
8/7/13,NWC6,NWC,6,2013,2.2,9.6667,0.41,-0.10357,0.011837,21,3,upland
8/19/13,NWC6,NWC,6,2013,5.7,11.9333,0.44,-0.095072,-0.0058964,NaN,3,upland
9/12/13,NWC6,NWC,6,2013,4.4,9.0667,0.46,-0.14002,0.0029523,20.5,3,upland
6/26/12,NWD1,NWD,1,2012,11.9,13.9667,0.62,-0.0051313,0.017085,20.5,5,upland
7/1/12,NWD1,NWD,1,2012,11.6,13.8,0.32,-0.049316,0.010742,20.9,5,upland
7/8/12,NWD1,NWD,1,2012,12.4,13.6333,0.42,-0.051263,0.0014636,20.4,5,upland
7/15/12,NWD1,NWD,1,2012,11.4,15.2667,0.65,NaN,NaN,NaN,5,upland
7/17/12,NWD1,NWD,1,2012,10.4,13.5333,0.46,NaN,0.0037891,NaN,5,upland
7/24/12,NWD1,NWD,1,2012,8.8,14.6,0.39,-0.065817,-0.0009795,19.3,5,upland
7/26/12,NWD1,NWD,1,2012,6.5,13.5333,0.45,NaN,NaN,20,5,upland
7/30/12,NWD1,NWD,1,2012,6.3,17.4333,0.33,-0.06784,0.00049105,NaN,5,upland
8/1/12,NWD1,NWD,1,2012,7,15.0667,0.26,NaN,NaN,NaN,5,upland
8/8/12,NWD1,NWD,1,2012,8,13.5,0.31,-0.047281,0.0083328,NaN,5,upland
8/16/12,NWD1,NWD,1,2012,8.4,11.5667,0.26,-0.060286,0.010289,20.9,5,upland
5/29/13,NWD1,NWD,1,2013,27.2,0.96667,NaN,-0.0042335,0.003842,20.8,5,upland
6/4/13,NWD1,NWD,1,2013,30.4,1,NaN,-0.013239,0.0067005,NaN,5,upland
6/10/13,NWD1,NWD,1,2013,NaN,11,0.57,NaN,NaN,NaN,5,upland
6/13/13,NWD1,NWD,1,2013,33,4.6667,0.18,-0.018294,0.0071593,NaN,5,upland
6/18/13,NWD1,NWD,1,2013,29.4,17.3333,0.55,-0.015156,0.0071868,20.5,5,upland
6/19/13,NWD1,NWD,1,2013,26,9.3667,0.27,NaN,NaN,21,5,upland
6/24/13,NWD1,NWD,1,2013,26.8,12.2,0.43,-0.024091,0.0062458,21,5,upland
7/1/13,NWD1,NWD,1,2013,17.9,14,0.63,-0.041199,NaN,NaN,5,upland
7/9/13,NWD1,NWD,1,2013,14.8,14,0.41,-0.041196,NaN,20.8,5,upland
7/16/13,NWD1,NWD,1,2013,15.7,10.6667,0.25,-0.038231,NaN,20.9,5,upland
7/24/13,NWD1,NWD,1,2013,11.9,15.3333,0.3,-0.045669,0.0058576,20.8,5,upland
7/30/13,NWD1,NWD,1,2013,11.5,11.3333,0.38,-0.053661,-0.00048834,21,5,upland
8/7/13,NWD1,NWD,1,2013,11.3,10.6667,0.24,-0.037948,-0.0127,20.9,5,upland
8/20/13,NWD1,NWD,1,2013,12.9,11.5333,0.41,NaN,0.0026819,NaN,5,upland
9/12/13,NWD1,NWD,1,2013,15.1,11.5333,0.87,NaN,0,NaN,5,upland
6/26/12,NWD2,NWD,2,2012,7,13.6333,0.51,0.02298,0.019627,20.7,2,upland
7/1/12,NWD2,NWD,2,2012,8.3,14.2,0.56,-0.061411,-0.00049001,20.9,2,upland
7/8/12,NWD2,NWD,2,2012,6.5,14.2667,0.51,-0.066213,-0.0034366,20.6,2,upland
7/15/12,NWD2,NWD,2,2012,6.8,13.8333,0.59,NaN,NaN,NaN,2,upland
7/17/12,NWD2,NWD,2,2012,7,13.8333,0.45,-0.094961,0.010795,NaN,2,upland
7/24/12,NWD2,NWD,2,2012,4.8,15.1,0.74,-0.087577,0.0083613,NaN,2,upland
7/26/12,NWD2,NWD,2,2012,4.2,13.1667,0.41,NaN,NaN,20.3,2,upland
7/30/12,NWD2,NWD,2,2012,4.7,18.1333,0.43,-0.042689,0.00049189,NaN,2,upland
8/1/12,NWD2,NWD,2,2012,5,16.0667,0.34,NaN,NaN,NaN,2,upland
8/8/12,NWD2,NWD,2,2012,6.3,13.8,0.39,-0.026363,0.008839,NaN,2,upland
8/16/12,NWD2,NWD,2,2012,9.8,10.7,0.63,-0.023242,0.0092953,20.8,2,upland
5/29/13,NWD2,NWD,2,2013,26,1.0333,NaN,-0.00046451,0.0052894,20.8,2,upland
6/4/13,NWD2,NWD,2,2013,18.2,1,NaN,-0.048342,0.007273,NaN,2,upland
6/10/13,NWD2,NWD,2,2013,NaN,12.8333,0.49,NaN,NaN,NaN,2,upland
6/12/13,NWD2,NWD,2,2013,27.9,12,0.09,NaN,NaN,NaN,2,upland
6/13/13,NWD2,NWD,2,2013,25.1,4,0.14,-0.027485,0.0077011,NaN,2,upland
6/18/13,NWD2,NWD,2,2013,21.9,14.6667,0.61,-0.018718,0.0077274,20.3,2,upland
6/19/13,NWD2,NWD,2,2013,19.1,10.3333,0.48,NaN,NaN,20.8,2,upland
6/24/13,NWD2,NWD,2,2013,17.8,10.7333,0.39,-0.033974,-0.0029105,21,2,upland
7/1/13,NWD2,NWD,2,2013,12.1,13.3333,0.78,-0.05353,0.019033,NaN,2,upland
7/9/13,NWD2,NWD,2,2013,8.5,14.3333,0.44,NaN,0.0019596,20.6,2,upland
7/16/13,NWD2,NWD,2,2013,8.3,12.3333,0.37,-0.01335,NaN,NaN,2,upland
7/24/13,NWD2,NWD,2,2013,5.1,15.6667,0.34,-0.062422,0.0054085,21,2,upland
7/30/13,NWD2,NWD,2,2013,5.2,12,0.41,NaN,0.0020894,20.8,2,upland
8/7/13,NWD2,NWD,2,2013,5.4,11.3333,0.29,-0.054538,-0.00098305,20.3,2,upland
8/20/13,NWD2,NWD,2,2013,5.3,12.3,0.4,NaN,NaN,NaN,2,upland
9/12/13,NWD2,NWD,2,2013,5,11.3667,0.56,-0.08622,-0.0044256,20.7,2,upland
6/26/12,NWD3,NWD,3,2012,6.8,12.55,1.04,-0.035885,0.014724,20.7,7,upland
7/1/12,NWD3,NWD,3,2012,3.5,13.5,0.55,-0.049783,0.0078803,20.8,7,upland
7/8/12,NWD3,NWD,3,2012,5.8,13.7,0.42,-0.058025,-0.0029479,20.5,7,upland
7/15/12,NWD3,NWD,3,2012,5.2,15.2,1.2,NaN,NaN,NaN,7,upland
7/17/12,NWD3,NWD,3,2012,6.8,14.2,0.81,-0.059808,0.014233,NaN,7,upland
7/24/12,NWD3,NWD,3,2012,1.2,17.1,0.55,-0.081002,0.005431,NaN,7,upland
7/26/12,NWD3,NWD,3,2012,5.2,14.0333,0.57,NaN,NaN,20.3,7,upland
7/30/12,NWD3,NWD,3,2012,2.9,23.7,0.41,-0.030001,0.0019713,NaN,7,upland
8/1/12,NWD3,NWD,3,2012,3.4,16.8333,0.53,NaN,NaN,19.9,7,upland
8/8/12,NWD3,NWD,3,2012,3.8,13.1,0.25,-0.023868,0.0019695,NaN,7,upland
8/16/12,NWD3,NWD,3,2012,2.2,10.6333,0.41,-0.01682,0.004932,20.8,7,upland
9/30/12,NWD3,NWD,3,2012,1.7,8.5333,0.06,-0.026404,0.0014804,20.9,7,upland
6/26/12,NWD4,NWD,4,2012,6,15.2,0.7,-0.028599,0.017192,20.8,7,upland
7/1/12,NWD4,NWD,4,2012,4.2,11.3,0.72,NaN,0.0011073,NaN,7,upland
7/8/12,NWD4,NWD,4,2012,4.7,12.7,0.64,-0.037497,-0.00098378,NaN,7,upland
7/15/12,NWD4,NWD,4,2012,4.5,14.6,0.51,NaN,NaN,NaN,7,upland
7/17/12,NWD4,NWD,4,2012,5.2,12.7333,0.59,-0.068803,0.0073744,NaN,7,upland
7/24/12,NWD4,NWD,4,2012,1.4,10.8667,0.36,-0.064355,0.00098725,NaN,7,upland
7/26/12,NWD4,NWD,4,2012,3.4,12.4,0.45,NaN,NaN,20.4,7,upland
7/30/12,NWD4,NWD,4,2012,2.7,18.5333,0.68,0.021303,-0.0014788,NaN,7,upland
8/1/12,NWD4,NWD,4,2012,4,13.1,0.77,NaN,NaN,NaN,7,upland
8/8/12,NWD4,NWD,4,2012,3.4,11.5667,0.77,-0.0078612,0.0039406,NaN,7,upland
8/16/12,NWD4,NWD,4,2012,4.4,9.1333,0.86,-0.036962,0.0034443,20.7,7,upland
9/30/12,NWD4,NWD,4,2012,2.7,7.4333,0.21,-0.048845,0.0014788,20.9,7,upland
6/26/12,NWD5,NWD,5,2012,7.3,11.2667,0.69,-0.056655,0.0053958,20.4,5,upland
7/1/12,NWD5,NWD,5,2012,5.6,13.1333,0.45,-0.066359,0.012285,20.9,5,upland
7/8/12,NWD5,NWD,5,2012,5.8,12.25,0.3,-0.068871,-0.0014739,NaN,5,upland
7/15/12,NWD5,NWD,5,2012,5.2,12.3,0.76,NaN,NaN,NaN,5,upland
7/17/12,NWD5,NWD,5,2012,6,12.4,0.33,-0.091337,0.021122,NaN,5,upland
7/24/12,NWD5,NWD,5,2012,1.5,13.2333,0.2,-0.097143,0.0093778,20.2,5,upland
7/26/12,NWD5,NWD,5,2012,5,10.8667,0.21,NaN,NaN,20.4,5,upland
7/30/12,NWD5,NWD,5,2012,3.4,14.6333,0.18,-0.054615,0.0078812,NaN,5,upland
8/1/12,NWD5,NWD,5,2012,4.2,14.3333,0.11,NaN,NaN,NaN,5,upland
8/8/12,NWD5,NWD,5,2012,5.2,12.9667,0.14,NaN,0.00098326,NaN,5,upland
8/16/12,NWD5,NWD,5,2012,3.7,8.3667,0.17,-0.046989,0.0064014,20.8,5,upland
5/29/13,NWD5,NWD,5,2013,18.6,0.36667,NaN,-0.082299,0.011632,20.4,5,upland
6/4/13,NWD5,NWD,5,2013,10.9,1.6667,NaN,-0.032026,0.010262,NaN,5,upland
6/10/13,NWD5,NWD,5,2013,NaN,10.3333,0.22,NaN,NaN,NaN,5,upland
6/12/13,NWD5,NWD,5,2013,15.3,8,0.34,NaN,NaN,NaN,5,upland
6/13/13,NWD5,NWD,5,2013,21.9,5.6667,0.13,-0.046502,0.016421,NaN,5,upland
6/18/13,NWD5,NWD,5,2013,19.9,13.3333,0.41,-0.030763,0.0043559,20.8,5,upland
6/19/13,NWD5,NWD,5,2013,14.4,9.6,0.23,NaN,NaN,20.8,5,upland
6/24/13,NWD5,NWD,5,2013,16.7,9.3667,0.27,-0.055142,0.01117,20.7,5,upland
7/1/13,NWD5,NWD,5,2013,10.8,12.6667,0.54,NaN,-0.00048871,NaN,5,upland
7/9/13,NWD5,NWD,5,2013,5.7,11.6667,0.34,-0.063987,-0.00098273,20.8,5,upland
7/16/13,NWD5,NWD,5,2013,4.6,9.6667,0.22,-0.058207,-0.0019678,20.9,5,upland
7/24/13,NWD5,NWD,5,2013,4.5,16,0.23,-0.056007,0.004428,20.8,5,upland
7/30/13,NWD5,NWD,5,2013,3.7,10,0.24,-0.081976,0.010341,21,5,upland
8/7/13,NWD5,NWD,5,2013,2.7,10,0.19,-0.052073,-0.0054223,21,5,upland
8/20/13,NWD5,NWD,5,2013,4.6,11.5667,0.22,NaN,NaN,NaN,5,upland
9/12/13,NWD5,NWD,5,2013,4.8,9.8333,0.38,-0.089298,0.0088531,20.8,5,upland
6/26/12,NWD6,NWD,6,2012,7.6,10.6333,0.18,-0.10504,0.017163,20.6,1,upland
7/1/12,NWD6,NWD,6,2012,8,11.0667,0.21,-0.053031,0.0053918,20.8,1,upland
7/8/12,NWD6,NWD,6,2012,6,11.9667,0.11,-0.08526,0.0054033,NaN,1,upland
7/10/12,NWD6,NWD,6,2012,NaN,11.4,NaN,NaN,NaN,NaN,1,upland
7/15/12,NWD6,NWD,6,2012,5.5,10.1333,0.41,NaN,NaN,NaN,1,upland
7/17/12,NWD6,NWD,6,2012,7,10.9333,0.3,NaN,0.0051522,NaN,1,upland
7/24/12,NWD6,NWD,6,2012,3.3,11.2,0.6,NaN,0.0013547,NaN,1,upland
7/26/12,NWD6,NWD,6,2012,4.5,10.2667,0.31,NaN,NaN,20.4,1,upland
7/30/12,NWD6,NWD,6,2012,3.7,13.5,0.22,-0.083603,0.0024621,NaN,1,upland
8/1/12,NWD6,NWD,6,2012,4.5,13,0.27,NaN,NaN,19.7,1,upland
8/8/12,NWD6,NWD,6,2012,4.5,12.6667,0.2,-0.086538,0.014268,NaN,1,upland
8/16/12,NWD6,NWD,6,2012,4.7,8,0.23,-0.03269,0.0034432,20.8,1,upland
5/29/13,NWD6,NWD,6,2013,17,1,NaN,NaN,0.0029129,NaN,1,upland
6/4/13,NWD6,NWD,6,2013,16.7,1,NaN,-0.0092066,NaN,NaN,1,upland
6/10/13,NWD6,NWD,6,2013,NaN,5.5,0.24,NaN,NaN,NaN,1,upland
6/12/13,NWD6,NWD,6,2013,17.5,7,0.15,NaN,NaN,NaN,1,upland
6/13/13,NWD6,NWD,6,2013,23.3,6,0.14,-0.054268,0.015914,NaN,1,upland
6/18/13,NWD6,NWD,6,2013,19.1,14.3333,0.14,-0.079248,0.010657,20.6,1,upland
6/19/13,NWD6,NWD,6,2013,15.2,9.7333,0.23,NaN,NaN,20.8,1,upland
6/24/13,NWD6,NWD,6,2013,19.5,8.8,0.31,-0.030542,0.010168,20.7,1,upland
7/1/13,NWD6,NWD,6,2013,9.4,13.6667,0.54,-0.098477,0.0039155,NaN,1,upland
7/9/13,NWD6,NWD,6,2013,7.6,11,0.25,-0.085113,0.003923,21,1,upland
7/16/13,NWD6,NWD,6,2013,3.5,9.3333,0.22,NaN,NaN,NaN,1,upland
7/24/13,NWD6,NWD,6,2013,2.8,14,0.27,NaN,NaN,20.6,1,upland
7/30/13,NWD6,NWD,6,2013,2.6,10,0.34,-0.15169,0.028101,20.9,1,upland
8/7/13,NWD6,NWD,6,2013,2.1,10.3333,0.27,NaN,-0.0014798,20.9,1,upland
8/19/13,NWD6,NWD,6,2013,5,13.5333,0.46,-0.12347,0.17997,NaN,1,upland
9/12/13,NWD6,NWD,6,2013,4.9,9.4667,0.55,-0.05248,0.00098357,20.8,1,upland
7/7/12,SPC-CC0,SPC,CC0,2012,7.3,9.5667,0.24,-0.00083072,0.0014716,NaN,7,upland
7/14/12,SPC-CC0,SPC,CC0,2012,7.8,12.4,0.44,NaN,NaN,NaN,7,clearcut
7/17/12,SPC-CC0,SPC,CC0,2012,6.3,15.8,0.43,NaN,NaN,NaN,7,clearcut
7/20/12,SPC-CC0,SPC,CC0,2012,8.1,11.9,NaN,NaN,NaN,21.1,7,clearcut
7/25/12,SPC-CC0,SPC,CC0,2012,3.5,10.2333,0.27,NaN,NaN,NaN,7,clearcut
7/27/12,SPC-CC0,SPC,CC0,2012,6,13.6,0.39,NaN,NaN,20.5,7,clearcut
7/30/12,SPC-CC0,SPC,CC0,2012,5.2,18.7333,0.44,NaN,NaN,NaN,7,clearcut
8/1/12,SPC-CC0,SPC,CC0,2012,5,17.5,0.26,NaN,NaN,21.1,7,clearcut
8/7/12,SPC-CC0,SPC,CC0,2012,6.3,11.4,0.16,NaN,NaN,NaN,7,clearcut
6/7/13,SPC-CC0,SPC,CC0,2013,NaN,NaN,0.61,NaN,NaN,NaN,7,clearcut
6/13/13,SPC-CC0,SPC,CC0,2013,32.8,5.5667,0.28,NaN,NaN,20.6,7,clearcut
6/17/13,SPC-CC0,SPC,CC0,2013,25.7,15,0.28,NaN,NaN,NaN,7,clearcut
6/26/13,SPC-CC0,SPC,CC0,2013,24.4,8,0.35,NaN,NaN,NaN,7,clearcut
7/2/13,SPC-CC0,SPC,CC0,2013,14.6,14,0.64,NaN,NaN,21,7,clearcut
7/9/13,SPC-CC0,SPC,CC0,2013,10.4,NaN,0.48,NaN,NaN,NaN,7,clearcut
7/15/13,SPC-CC0,SPC,CC0,2013,13.4,16.6667,0.45,NaN,NaN,NaN,7,clearcut
7/24/13,SPC-CC0,SPC,CC0,2013,8.8,13.6667,0.28,NaN,NaN,NaN,7,clearcut
7/31/13,SPC-CC0,SPC,CC0,2013,5.9,11.3333,0.35,NaN,NaN,20.7,7,clearcut
8/5/13,SPC-CC0,SPC,CC0,2013,6.8,12.3333,0.28,NaN,NaN,20.9,7,clearcut
7/7/12,SPC-CC1,SPC,CC1,2012,7.8,11.55,0.16,NaN,0.00012257,21,7,clearcut
7/14/12,SPC-CC1,SPC,CC1,2012,7.8,11.9,0.3,NaN,NaN,20.7,7,clearcut
7/17/12,SPC-CC1,SPC,CC1,2012,5.5,16.4,0.25,NaN,NaN,NaN,7,clearcut
7/20/12,SPC-CC1,SPC,CC1,2012,9.1,12.8333,NaN,NaN,NaN,21.2,7,clearcut
7/25/12,SPC-CC1,SPC,CC1,2012,2.9,11.0667,0.25,NaN,NaN,NaN,7,clearcut
7/27/12,SPC-CC1,SPC,CC1,2012,5.2,15.6333,0.36,NaN,NaN,20.3,7,clearcut
7/30/12,SPC-CC1,SPC,CC1,2012,4.5,21.2,0.25,NaN,NaN,NaN,7,clearcut
8/1/12,SPC-CC1,SPC,CC1,2012,5,18.3,0.24,NaN,NaN,21.1,7,clearcut
8/7/12,SPC-CC1,SPC,CC1,2012,5.5,12.8333,0.18,NaN,NaN,NaN,7,clearcut
6/7/13,SPC-CC1,SPC,CC1,2013,NaN,NaN,0.7,NaN,NaN,NaN,7,clearcut
6/13/13,SPC-CC1,SPC,CC1,2013,23.4,7.3333,0.21,NaN,NaN,NaN,7,clearcut
6/17/13,SPC-CC1,SPC,CC1,2013,25.4,17,0.28,NaN,NaN,NaN,7,clearcut
6/26/13,SPC-CC1,SPC,CC1,2013,23.7,8.6667,0.45,NaN,NaN,NaN,7,clearcut
7/2/13,SPC-CC1,SPC,CC1,2013,13.5,13.6667,0.59,NaN,NaN,21,7,clearcut
7/9/13,SPC-CC1,SPC,CC1,2013,8.5,NaN,0.51,NaN,NaN,NaN,7,clearcut
7/15/13,SPC-CC1,SPC,CC1,2013,10,20.3333,0.41,NaN,NaN,NaN,7,clearcut
7/24/13,SPC-CC1,SPC,CC1,2013,5.8,16,0.29,NaN,NaN,NaN,7,clearcut
7/31/13,SPC-CC1,SPC,CC1,2013,8,9.3333,0.29,NaN,NaN,20.8,7,clearcut
8/5/13,SPC-CC1,SPC,CC1,2013,6.4,11.3333,0.26,NaN,NaN,21,7,clearcut
7/7/12,SPC-CC2,SPC,CC2,2012,7,12.5333,0.19,-0.040384,0.0039255,21,7,clearcut
7/14/12,SPC-CC2,SPC,CC2,2012,7.8,13.7,0.11,NaN,NaN,20.8,7,clearcut
7/17/12,SPC-CC2,SPC,CC2,2012,4.7,18.6667,0.44,NaN,NaN,NaN,7,clearcut
7/20/12,SPC-CC2,SPC,CC2,2012,8.6,12.7,NaN,NaN,NaN,20.3,7,clearcut
7/25/12,SPC-CC2,SPC,CC2,2012,4.8,11.3,0.13,NaN,NaN,NaN,7,clearcut
7/27/12,SPC-CC2,SPC,CC2,2012,5,15.1667,0.26,NaN,NaN,20.1,7,clearcut
7/30/12,SPC-CC2,SPC,CC2,2012,4,20.4667,0.06,NaN,NaN,NaN,7,clearcut
8/1/12,SPC-CC2,SPC,CC2,2012,5,18.6333,0.1,NaN,NaN,NaN,7,clearcut
8/7/12,SPC-CC2,SPC,CC2,2012,5.2,12.8667,0.06,NaN,NaN,NaN,7,clearcut
6/7/13,SPC-CC2,SPC,CC2,2013,NaN,NaN,0.37,NaN,NaN,NaN,7,clearcut
6/13/13,SPC-CC2,SPC,CC2,2013,24.2,6.6667,0.1,NaN,NaN,20.5,7,clearcut
6/17/13,SPC-CC2,SPC,CC2,2013,28.1,18.3333,0.16,NaN,NaN,NaN,7,clearcut
6/26/13,SPC-CC2,SPC,CC2,2013,28.9,9.6667,0.78,NaN,NaN,NaN,7,clearcut
7/2/13,SPC-CC2,SPC,CC2,2013,19.7,18.3333,0.29,NaN,NaN,21,7,clearcut
7/9/13,SPC-CC2,SPC,CC2,2013,9.4,NaN,0.27,NaN,NaN,NaN,7,clearcut
7/15/13,SPC-CC2,SPC,CC2,2013,8.2,19,0.22,NaN,NaN,NaN,7,clearcut
7/24/13,SPC-CC2,SPC,CC2,2013,5.6,14.5,0.12,NaN,NaN,NaN,7,clearcut
7/31/13,SPC-CC2,SPC,CC2,2013,7.3,12.3333,0.15,NaN,NaN,20.9,7,clearcut
8/5/13,SPC-CC2,SPC,CC2,2013,4.1,14,0.15,NaN,NaN,20.7,7,clearcut
7/7/12,SPC-CC3,SPC,CC3,2012,17.3,11.1667,0.22,-0.00056817,0.001456,20.7,7,clearcut
7/14/12,SPC-CC3,SPC,CC3,2012,11.9,12.5333,0.46,NaN,NaN,20.7,7,clearcut
7/17/12,SPC-CC3,SPC,CC3,2012,8.6,14.2333,0.37,NaN,NaN,NaN,7,clearcut
7/20/12,SPC-CC3,SPC,CC3,2012,7.6,12.1667,NaN,NaN,NaN,NaN,7,clearcut
7/25/12,SPC-CC3,SPC,CC3,2012,8.9,12,0.33,NaN,NaN,NaN,7,clearcut
7/27/12,SPC-CC3,SPC,CC3,2012,5.5,13.2333,0.54,NaN,NaN,19.8,7,clearcut
7/30/12,SPC-CC3,SPC,CC3,2012,5,16.1667,0.35,NaN,NaN,NaN,7,clearcut
8/1/12,SPC-CC3,SPC,CC3,2012,10.9,16.2333,0.46,NaN,NaN,NaN,7,clearcut
8/7/12,SPC-CC3,SPC,CC3,2012,8.1,12.1,0.31,NaN,NaN,NaN,7,clearcut
6/7/13,SPC-CC3,SPC,CC3,2013,NaN,NaN,0.38,NaN,NaN,NaN,7,clearcut
6/13/13,SPC-CC3,SPC,CC3,2013,31,6.5,0.32,NaN,NaN,20.5,7,clearcut
6/17/13,SPC-CC3,SPC,CC3,2013,19.2,11,0.21,NaN,NaN,NaN,7,clearcut
6/26/13,SPC-CC3,SPC,CC3,2013,26.4,10.3333,0.44,NaN,NaN,NaN,7,clearcut
7/2/13,SPC-CC3,SPC,CC3,2013,19.9,18.6667,0.62,NaN,NaN,21,7,clearcut
7/9/13,SPC-CC3,SPC,CC3,2013,15,14.3333,0.39,NaN,NaN,NaN,7,clearcut
7/15/13,SPC-CC3,SPC,CC3,2013,18.3,16.6667,0.52,NaN,NaN,NaN,7,clearcut
7/24/13,SPC-CC3,SPC,CC3,2013,12.2,13.3333,0.39,NaN,NaN,NaN,7,clearcut
7/31/13,SPC-CC3,SPC,CC3,2013,9.6,11.3333,0.45,NaN,NaN,21,7,clearcut
8/5/13,SPC-CC3,SPC,CC3,2013,7,15,0.41,NaN,NaN,20.7,7,clearcut
7/7/12,SPC-F1,SPC,F1,2012,6.3,10.5333,0.42,-0.031108,0.0014732,22.9,7,clearcut
7/14/12,SPC-F1,SPC,F1,2012,6.8,12.0333,0.6,NaN,NaN,20.5,7,clearcut
7/17/12,SPC-F1,SPC,F1,2012,10.6,12.1333,0.89,NaN,NaN,NaN,7,clearcut
7/20/12,SPC-F1,SPC,F1,2012,7.6,11.9667,NaN,NaN,NaN,21.3,7,clearcut
7/25/12,SPC-F1,SPC,F1,2012,7.7,11,0.72,NaN,NaN,NaN,7,clearcut
7/27/12,SPC-F1,SPC,F1,2012,5.5,12.7333,0.58,NaN,NaN,19.6,7,clearcut
7/30/12,SPC-F1,SPC,F1,2012,5.2,15.4667,0.87,NaN,NaN,NaN,7,clearcut
8/1/12,SPC-F1,SPC,F1,2012,6.3,14.1,0.45,NaN,NaN,NaN,7,clearcut
8/7/12,SPC-F1,SPC,F1,2012,4.5,11,0.43,NaN,NaN,NaN,7,clearcut
6/7/13,SPC-F1,SPC,F1,2013,NaN,NaN,0.23,NaN,NaN,NaN,7,clearcut
6/13/13,SPC-F1,SPC,F1,2013,31.1,4,0.3,NaN,NaN,20.6,7,clearcut
6/17/13,SPC-F1,SPC,F1,2013,24.9,11.3333,0.43,NaN,NaN,NaN,7,clearcut
6/26/13,SPC-F1,SPC,F1,2013,14.4,9.3333,0.85,NaN,NaN,NaN,7,clearcut
7/2/13,SPC-F1,SPC,F1,2013,16.4,14.3333,0.7,NaN,NaN,21,7,clearcut
7/9/13,SPC-F1,SPC,F1,2013,5.2,13.3333,0.08,NaN,NaN,NaN,7,clearcut
7/15/13,SPC-F1,SPC,F1,2013,10.5,15,0.61,NaN,NaN,NaN,7,clearcut
7/24/13,SPC-F1,SPC,F1,2013,6.4,13.6667,0.57,NaN,NaN,NaN,7,clearcut
7/31/13,SPC-F1,SPC,F1,2013,5.5,11.5,0.6,NaN,NaN,21,7,clearcut
8/5/13,SPC-F1,SPC,F1,2013,7.8,13,0.45,NaN,NaN,20.9,7,clearcut
7/7/12,SPC-F2,SPC,F2,2012,10.4,11.3333,0.33,-0.056666,0.0068448,22.8,7,clearcut
7/14/12,SPC-F2,SPC,F2,2012,11.4,11.4,0.39,NaN,NaN,20.6,7,clearcut
7/17/12,SPC-F2,SPC,F2,2012,10.4,12.4333,0.35,NaN,NaN,NaN,7,clearcut
7/20/12,SPC-F2,SPC,F2,2012,10.9,11.15,NaN,NaN,NaN,21.2,7,clearcut
7/25/12,SPC-F2,SPC,F2,2012,8.6,10,0.32,NaN,NaN,NaN,7,clearcut
7/27/12,SPC-F2,SPC,F2,2012,10.4,13.45,0.41,NaN,NaN,19.8,7,clearcut
7/30/12,SPC-F2,SPC,F2,2012,7.8,14.4667,0.43,NaN,NaN,NaN,7,clearcut
8/1/12,SPC-F2,SPC,F2,2012,7.3,13,0.4,NaN,NaN,NaN,7,clearcut
8/7/12,SPC-F2,SPC,F2,2012,6,11.3667,0.3,NaN,NaN,NaN,7,clearcut
6/7/13,SPC-F2,SPC,F2,2013,NaN,NaN,0.23,NaN,NaN,NaN,7,clearcut
6/13/13,SPC-F2,SPC,F2,2013,28.2,4.8333,0.26,NaN,NaN,20.7,7,clearcut
6/17/13,SPC-F2,SPC,F2,2013,21.1,10,0.18,NaN,NaN,NaN,7,clearcut
6/26/13,SPC-F2,SPC,F2,2013,21.4,8.6667,0.36,NaN,NaN,NaN,7,clearcut
7/2/13,SPC-F2,SPC,F2,2013,12.1,18.6667,1.02,NaN,NaN,20.7,7,clearcut
7/9/13,SPC-F2,SPC,F2,2013,12.3,12.3333,0.09,NaN,NaN,NaN,7,clearcut
7/15/13,SPC-F2,SPC,F2,2013,8.7,14.3333,0.52,NaN,NaN,NaN,7,clearcut
7/24/13,SPC-F2,SPC,F2,2013,9.3,11.6667,0.3,NaN,NaN,NaN,7,clearcut
7/31/13,SPC-F2,SPC,F2,2013,9.5,11,0.34,NaN,NaN,20.9,7,clearcut
8/5/13,SPC-F2,SPC,F2,2013,7.2,11.3333,0.31,NaN,NaN,21,7,clearcut
7/7/12,SPC-F3,SPC,F3,2012,7.6,9.9667,0.5,-0.057995,-0.00049037,21.5,7,clearcut
7/14/12,SPC-F3,SPC,F3,2012,5.2,11.3,0.38,NaN,NaN,20.5,7,clearcut
7/17/12,SPC-F3,SPC,F3,2012,6.3,12.6333,0.66,NaN,NaN,NaN,7,clearcut
7/20/12,SPC-F3,SPC,F3,2012,7.3,11.6,NaN,NaN,NaN,21.1,7,clearcut
7/25/12,SPC-F3,SPC,F3,2012,4.9,10.4667,0.27,NaN,NaN,NaN,7,clearcut
7/27/12,SPC-F3,SPC,F3,2012,4,12.6667,0.69,NaN,NaN,20.2,7,clearcut
7/30/12,SPC-F3,SPC,F3,2012,4,14.2,0.72,NaN,NaN,NaN,7,clearcut
8/1/12,SPC-F3,SPC,F3,2012,5.2,14.1,0.71,NaN,NaN,NaN,7,clearcut
8/7/12,SPC-F3,SPC,F3,2012,4,10.8333,0.52,NaN,NaN,NaN,7,clearcut
6/7/13,SPC-F3,SPC,F3,2013,NaN,NaN,0.68,NaN,NaN,NaN,7,clearcut
6/13/13,SPC-F3,SPC,F3,2013,20.6,4.5,0.32,NaN,NaN,21,7,clearcut
6/17/13,SPC-F3,SPC,F3,2013,24,9.6667,0.27,NaN,NaN,NaN,7,clearcut
6/26/13,SPC-F3,SPC,F3,2013,17.1,8.6667,0.48,NaN,NaN,NaN,7,clearcut
7/2/13,SPC-F3,SPC,F3,2013,16.6,15.6667,0.94,NaN,NaN,20.7,7,clearcut
7/9/13,SPC-F3,SPC,F3,2013,4.8,11,0.13,NaN,NaN,NaN,7,clearcut
7/15/13,SPC-F3,SPC,F3,2013,10.9,15.3333,0.39,NaN,NaN,NaN,7,clearcut
7/24/13,SPC-F3,SPC,F3,2013,5.4,13,0.24,NaN,NaN,NaN,7,clearcut
7/31/13,SPC-F3,SPC,F3,2013,7.2,11.3333,0.41,NaN,NaN,20.9,7,clearcut
8/5/13,SPC-F3,SPC,F3,2013,6.6,11.6667,0.41,NaN,NaN,20.9,7,clearcut
7/7/12,SPC-T1,SPC,T1,2012,7.6,11.9667,0.56,-0.0029406,0.015692,21.1,7,clearcut
7/14/12,SPC-T1,SPC,T1,2012,6.5,12.8333,0.62,NaN,NaN,20.5,7,clearcut
7/17/12,SPC-T1,SPC,T1,2012,6.5,14.0667,0.59,NaN,NaN,NaN,7,clearcut
7/20/12,SPC-T1,SPC,T1,2012,8.3,12.4,NaN,NaN,NaN,21.3,7,clearcut
7/25/12,SPC-T1,SPC,T1,2012,6.6,11.6667,0.14,NaN,NaN,NaN,7,clearcut
7/27/12,SPC-T1,SPC,T1,2012,7,15.6667,0.38,NaN,NaN,19.5,7,clearcut
7/30/12,SPC-T1,SPC,T1,2012,3.6,18.3,0.24,NaN,NaN,NaN,7,clearcut
8/1/12,SPC-T1,SPC,T1,2012,5.5,18.3333,0.32,NaN,NaN,NaN,7,clearcut
8/7/12,SPC-T1,SPC,T1,2012,5,11.8,0.11,NaN,NaN,NaN,7,clearcut
6/7/13,SPC-T1,SPC,T1,2013,NaN,NaN,0.37,NaN,NaN,NaN,7,clearcut
6/13/13,SPC-T1,SPC,T1,2013,36.7,5.8333,0.21,NaN,NaN,20.3,7,clearcut
6/17/13,SPC-T1,SPC,T1,2013,26.6,15.3333,0.29,NaN,NaN,NaN,7,clearcut
6/26/13,SPC-T1,SPC,T1,2013,22.3,9.3333,0.46,NaN,NaN,NaN,7,clearcut
7/2/13,SPC-T1,SPC,T1,2013,18.9,17.3333,0.5,NaN,NaN,20.6,7,clearcut
7/9/13,SPC-T1,SPC,T1,2013,13.7,NaN,0.4,NaN,NaN,NaN,7,clearcut
7/15/13,SPC-T1,SPC,T1,2013,15.3,18.6667,0.32,NaN,NaN,NaN,7,clearcut
7/24/13,SPC-T1,SPC,T1,2013,9.2,15,0.24,NaN,NaN,NaN,7,clearcut
7/31/13,SPC-T1,SPC,T1,2013,7.4,11.6667,0.17,NaN,NaN,20.5,7,clearcut
8/5/13,SPC-T1,SPC,T1,2013,6.6,15.3333,0.2,NaN,NaN,20.8,7,clearcut
7/7/12,SPC-T2,SPC,T2,2012,6,11.5667,0.45,-0.04826,0.0054033,20.6,7,clearcut
7/14/12,SPC-T2,SPC,T2,2012,7,12.1333,0.56,NaN,NaN,20.5,7,clearcut
7/17/12,SPC-T2,SPC,T2,2012,8.1,16,0.76,NaN,NaN,NaN,7,clearcut
7/20/12,SPC-T2,SPC,T2,2012,7.3,12.2,NaN,NaN,NaN,21.3,7,clearcut
7/25/12,SPC-T2,SPC,T2,2012,5.4,10.1667,0.22,NaN,NaN,NaN,7,clearcut
7/27/12,SPC-T2,SPC,T2,2012,5,14.1,0.61,NaN,NaN,19.2,7,clearcut
7/30/12,SPC-T2,SPC,T2,2012,4.2,16.4667,0.4,NaN,NaN,NaN,7,clearcut
8/1/12,SPC-T2,SPC,T2,2012,5.5,16.3,0.36,NaN,NaN,NaN,7,clearcut
8/7/12,SPC-T2,SPC,T2,2012,4.2,11.7333,0.16,NaN,NaN,NaN,7,clearcut
6/7/13,SPC-T2,SPC,T2,2013,NaN,NaN,0.28,NaN,NaN,NaN,7,clearcut
6/13/13,SPC-T2,SPC,T2,2013,20.5,6,0.12,NaN,NaN,20.5,7,clearcut
6/17/13,SPC-T2,SPC,T2,2013,20.6,16,0.22,NaN,NaN,NaN,7,clearcut
6/26/13,SPC-T2,SPC,T2,2013,20.1,9.3333,0.55,NaN,NaN,NaN,7,clearcut
7/2/13,SPC-T2,SPC,T2,2013,16.1,15.6667,0.56,NaN,NaN,20.3,7,clearcut
7/9/13,SPC-T2,SPC,T2,2013,7.7,13.3333,0.54,NaN,NaN,NaN,7,clearcut
7/15/13,SPC-T2,SPC,T2,2013,10.9,18,0.43,NaN,NaN,NaN,7,clearcut
7/24/13,SPC-T2,SPC,T2,2013,6.6,13.6667,0.29,NaN,NaN,NaN,7,clearcut
7/31/13,SPC-T2,SPC,T2,2013,7,11.5,0.35,NaN,NaN,20.7,7,clearcut
8/5/13,SPC-T2,SPC,T2,2013,10.6,13.6667,0.28,NaN,NaN,20.8,7,clearcut
7/7/12,SPC-T3,SPC,T3,2012,7,10.1,1.06,-0.032442,0.00098137,20.8,7,clearcut
7/14/12,SPC-T3,SPC,T3,2012,7.6,10.8667,0.47,NaN,NaN,20.5,7,clearcut
7/17/12,SPC-T3,SPC,T3,2012,6.5,12.2333,0.55,NaN,NaN,NaN,7,clearcut
7/20/12,SPC-T3,SPC,T3,2012,10.4,11.2333,NaN,NaN,NaN,20.3,7,clearcut
7/25/12,SPC-T3,SPC,T3,2012,3.2,9.3,0.55,NaN,NaN,NaN,7,clearcut
7/27/12,SPC-T3,SPC,T3,2012,4.7,11.7333,0.25,NaN,NaN,19.1,7,clearcut
7/30/12,SPC-T3,SPC,T3,2012,5,13.8333,0.49,NaN,NaN,NaN,7,clearcut
8/1/12,SPC-T3,SPC,T3,2012,5.5,12.3333,0.94,NaN,NaN,NaN,7,clearcut
8/7/12,SPC-T3,SPC,T3,2012,4.7,10.7667,0.35,NaN,NaN,NaN,7,clearcut
6/7/13,SPC-T3,SPC,T3,2013,NaN,NaN,0.23,NaN,NaN,NaN,7,clearcut
6/13/13,SPC-T3,SPC,T3,2013,29.4,6.3333,0.14,NaN,NaN,NaN,7,clearcut
6/17/13,SPC-T3,SPC,T3,2013,28.5,10,0.58,NaN,NaN,NaN,7,clearcut
6/26/13,SPC-T3,SPC,T3,2013,27.2,10,0.56,NaN,NaN,NaN,7,clearcut
7/2/13,SPC-T3,SPC,T3,2013,23.7,15.6667,1.26,NaN,NaN,21,7,clearcut
7/9/13,SPC-T3,SPC,T3,2013,15.1,10.3333,1.05,NaN,NaN,NaN,7,clearcut
7/15/13,SPC-T3,SPC,T3,2013,7.3,14.6667,0.64,NaN,NaN,NaN,7,clearcut
7/24/13,SPC-T3,SPC,T3,2013,5.2,12,0.43,NaN,NaN,NaN,7,clearcut
7/31/13,SPC-T3,SPC,T3,2013,3,11,0.37,NaN,NaN,21,7,clearcut
8/5/13,SPC-T3,SPC,T3,2013,2.5,13.6667,0.4,NaN,NaN,21,7,clearcut
7/9/12,SW1,SW,1,2012,7,12.3,0.4,-0.057619,0,20.2,5,upland
7/14/12,SW1,SW,1,2012,5.8,12.7333,0.65,NaN,NaN,NaN,5,upland
7/15/12,SW1,SW,1,2012,7.3,15.1333,0.55,NaN,NaN,NaN,5,upland
7/19/12,SW1,SW,1,2012,8.3,13.0667,NaN,-0.053715,0.0053901,20.2,5,upland
7/24/12,SW1,SW,1,2012,9.2,11.2,0.36,-0.066892,0.0068535,NaN,5,upland
7/26/12,SW1,SW,1,2012,5.5,14.7,0.67,NaN,NaN,20.4,5,upland
7/31/12,SW1,SW,1,2012,5.2,15.8,0.84,-0.045806,0.0034414,20.8,5,upland
8/2/12,SW1,SW,1,2012,7.3,13.8667,0.22,NaN,NaN,20.8,5,upland
8/8/12,SW1,SW,1,2012,8.6,14.5667,NaN,-0.011891,-0.0044087,NaN,5,upland
8/16/12,SW1,SW,1,2012,7.1,13,0.3,NaN,NaN,NaN,5,upland
8/17/12,SW1,SW,1,2012,6.4,12.2333,0.24,NaN,0.0007365,20.9,5,upland
5/29/13,SW1,SW,1,2013,26.2,3.5333,NaN,-0.023712,-0.0014423,20.8,5,upland
6/5/13,SW1,SW,1,2013,27.8,2.4667,NaN,-0.022092,-0.0019197,20.8,5,upland
6/9/13,SW1,SW,1,2013,NaN,10.6667,0.15,NaN,NaN,NaN,5,upland
6/12/13,SW1,SW,1,2013,24.3,12,0.31,NaN,0.0027699,NaN,5,upland
6/17/13,SW1,SW,1,2013,19.5,11.8333,0.26,NaN,NaN,NaN,5,upland
6/26/13,SW1,SW,1,2013,21.2,9.2333,0.35,-0.029203,0.0077332,21,5,upland
7/1/13,SW1,SW,1,2013,12.8,13.6667,0.68,-0.053294,0.002926,NaN,5,upland
7/9/13,SW1,SW,1,2013,11.3,16.3333,0.53,-0.033967,0.0083036,20.6,5,upland
7/16/13,SW1,SW,1,2013,8.5,12.6667,0.38,NaN,NaN,NaN,5,upland
7/25/13,SW1,SW,1,2013,7.9,14.6667,0.48,-0.06088,0.0058826,20.9,5,upland
7/30/13,SW1,SW,1,2013,7.4,12,0.34,-0.066911,-0.0034333,21,5,upland
8/7/13,SW1,SW,1,2013,7,13.5,NaN,-0.043763,-0.010795,NaN,5,upland
8/20/13,SW1,SW,1,2013,6.3,12.8667,0.4,-0.00052726,-0.0054016,NaN,5,upland
9/10/13,SW1,SW,1,2013,12,11.4,0.71,0.0047199,-0.005857,20.7,5,upland
7/9/12,SW2,SW,2,2012,7.8,15.7667,0.79,-0.0357,0.00049027,20.3,1,upland
7/14/12,SW2,SW,2,2012,7.3,14.4667,0.39,NaN,NaN,NaN,1,upland
7/15/12,SW2,SW,2,2012,10.3,15.9,0.93,NaN,NaN,NaN,1,upland
7/19/12,SW2,SW,2,2012,11.4,14.1667,NaN,-0.037603,0.0048839,20.1,1,upland
7/24/12,SW2,SW,2,2012,8.4,12.2333,0.39,-0.046542,0.0053895,NaN,1,upland
7/26/12,SW2,SW,2,2012,5.5,18.3333,0.91,NaN,NaN,20.2,1,upland
7/31/12,SW2,SW,2,2012,5,19.8667,0.82,NaN,-0.00049173,20.7,1,upland
8/2/12,SW2,SW,2,2012,7.8,16.6333,0.29,NaN,NaN,20.8,1,upland
8/8/12,SW2,SW,2,2012,8.8,18.1667,NaN,-0.00733,0.0044077,NaN,1,upland
8/16/12,SW2,SW,2,2012,14.6,12.8333,0.75,-0.041552,0.039425,20.8,1,upland
8/18/12,SW2,SW,2,2012,9.5,11.4,0.48,NaN,NaN,20.8,1,upland
5/29/13,SW2,SW,2,2013,33.6,2.7,NaN,-0.0067416,0,20.8,1,upland
6/5/13,SW2,SW,2,2013,42.3,1.6,NaN,-0.0065954,-0.022684,20.8,1,upland
6/9/13,SW2,SW,2,2013,NaN,12.6667,0.37,NaN,NaN,NaN,1,upland
6/12/13,SW2,SW,2,2013,33.2,14,0.27,NaN,NaN,NaN,1,upland
6/17/13,SW2,SW,2,2013,26,13.5333,0.49,NaN,NaN,NaN,1,upland
6/26/13,SW2,SW,2,2013,24.3,10.6667,0.2,-0.0054943,-0.0028904,20.6,1,upland
7/1/13,SW2,SW,2,2013,26.8,12.6667,0.57,-0.014655,-0.0028827,NaN,1,upland
7/9/13,SW2,SW,2,2013,10.8,17,1,-0.026475,0.015639,21,1,upland
7/16/13,SW2,SW,2,2013,9.7,14.6667,0.83,NaN,NaN,NaN,1,upland
7/25/13,SW2,SW,2,2013,8.4,14,0.55,-0.049353,0.12984,21,1,upland
7/30/13,SW2,SW,2,2013,9.8,14,0.34,NaN,0.0018346,20.5,1,upland
8/7/13,SW2,SW,2,2013,10.4,16,0.25,-0.037265,0.0024446,NaN,1,upland
8/20/13,SW2,SW,2,2013,11.3,14.2667,0.24,0.00013268,0.0019538,NaN,1,upland
9/10/13,SW2,SW,2,2013,9.7,11.6,0.48,-0.00058069,0.0092963,20.6,1,upland
7/9/12,SW3,SW,3,2012,7,15.4333,0.43,-0.06894,0.0068696,20.5,1,upland
7/14/12,SW3,SW,3,2012,7.8,14.6667,0.29,NaN,NaN,NaN,1,upland
7/15/12,SW3,SW,3,2012,6.3,17.9333,0.9,NaN,NaN,NaN,1,upland
7/19/12,SW3,SW,3,2012,8.6,14.4,NaN,-0.060075,0.013226,20.3,1,upland
7/24/12,SW3,SW,3,2012,6,13.4,0.4,-0.05398,0.0073682,NaN,1,upland
7/26/12,SW3,SW,3,2012,5.8,17.9,0.5,NaN,NaN,20.2,1,upland
7/31/12,SW3,SW,3,2012,4.2,20.7,0.45,-0.059926,0.006398,20.5,1,upland
8/2/12,SW3,SW,3,2012,7,16.7667,0.23,NaN,NaN,20.8,1,upland
8/8/12,SW3,SW,3,2012,7.6,16.8333,NaN,-0.052277,0.0053941,NaN,1,upland
8/16/12,SW3,SW,3,2012,8.4,13.3,0.21,-0.056694,0.0058795,20.9,1,upland
5/29/13,SW3,SW,3,2013,29.4,4.2667,NaN,-0.020384,-0.0028747,20.8,1,upland
6/5/13,SW3,SW,3,2013,36.4,1.5333,NaN,-0.011972,0.011889,20.8,1,upland
6/9/13,SW3,SW,3,2013,NaN,12.6667,0.5,NaN,NaN,NaN,1,upland
6/12/13,SW3,SW,3,2013,21.6,11,0.18,-0.024539,0.012078,NaN,1,upland
6/17/13,SW3,SW,3,2013,23,14.3,0.61,-0.017114,0.0086831,NaN,1,upland
6/26/13,SW3,SW,3,2013,26.4,10.5333,0.36,-0.030146,-0.0067291,20.4,1,upland
7/1/13,SW3,SW,3,2013,14.9,13.6667,0.52,-0.049743,-0.0029195,NaN,1,upland
7/9/13,SW3,SW,3,2013,10.2,20.3333,0.62,-0.047991,0.010269,20.8,1,upland
7/16/13,SW3,SW,3,2013,7.2,14,0.32,NaN,NaN,NaN,1,upland
7/25/13,SW3,SW,3,2013,5.3,12.6667,0.28,-0.078271,0.019663,20.8,1,upland
7/30/13,SW3,SW,3,2013,5.7,13.3333,0.29,-0.061079,0.0044223,20.9,1,upland
8/7/13,SW3,SW,3,2013,6.5,14.3333,0.57,NaN,0.0056459,NaN,1,upland
8/20/13,SW3,SW,3,2013,7.4,14.8,0.58,NaN,-0.00098096,NaN,1,upland
9/10/13,SW3,SW,3,2013,8.4,11.4667,0.67,-0.081682,0.0063694,20.7,1,upland
7/9/12,SW4,SW,4,2012,7,12.8,0.33,-0.071643,0.0034348,20.8,2,upland
7/14/12,SW4,SW,4,2012,7,13.2333,0.4,NaN,NaN,NaN,2,upland
7/15/12,SW4,SW,4,2012,6.5,14,0.86,NaN,NaN,NaN,2,upland
7/19/12,SW4,SW,4,2012,8.3,14.3667,NaN,NaN,0.0018375,20.4,2,upland
7/24/12,SW4,SW,4,2012,3.8,13.5667,0.58,NaN,NaN,NaN,2,upland
7/26/12,SW4,SW,4,2012,4.7,15.8667,0.34,NaN,NaN,20,2,upland
7/31/12,SW4,SW,4,2012,5,17.4333,0.5,-0.056913,0,20.5,2,upland
8/2/12,SW4,SW,4,2012,6,16.2,0.3,NaN,NaN,20.6,2,upland
8/8/12,SW4,SW,4,2012,6.5,16.1667,NaN,-0.072817,0.0078552,NaN,2,upland
8/16/12,SW4,SW,4,2012,6.7,13.3667,0.3,-0.064441,0.0014725,20.8,2,upland
5/29/13,SW4,SW,4,2013,24.3,4.1333,NaN,-0.022169,0,20.8,2,upland
6/5/13,SW4,SW,4,2013,27.2,1.7,NaN,-0.02437,0.0014407,20.8,2,upland
6/9/13,SW4,SW,4,2013,NaN,11.6667,0.2,NaN,NaN,NaN,2,upland
6/12/13,SW4,SW,4,2013,15.2,11,0.1,-0.0019181,0.0082692,NaN,2,upland
6/17/13,SW4,SW,4,2013,20,11.9,0.22,-0.00024407,0.01839,NaN,2,upland
6/26/13,SW4,SW,4,2013,20.5,8.9667,0.24,-0.026341,0.020315,21,2,upland
7/1/13,SW4,SW,4,2013,12.8,12,0.69,-0.049635,0.011216,NaN,2,upland
7/9/13,SW4,SW,4,2013,9.4,17.3333,0.55,NaN,0.0026919,21,2,upland
7/16/13,SW4,SW,4,2013,6.4,13.3333,0.56,NaN,NaN,NaN,2,upland
7/25/13,SW4,SW,4,2013,5.3,13,0.3,-0.078456,0.0019663,21,2,upland
7/30/13,SW4,SW,4,2013,5.7,12.3333,0.44,-0.082892,0.00049137,21,2,upland
8/7/13,SW4,SW,4,2013,4.5,13,0.32,-0.085761,-0.00098399,NaN,2,upland
8/20/13,SW4,SW,4,2013,5.2,14.5667,0.38,-0.08619,-0.0029498,NaN,2,upland
9/10/13,SW4,SW,4,2013,6.4,11.6,0.83,-0.079344,0.00491,20.8,2,upland
7/9/12,SW5,SW,5,2012,6.3,12.7,0.11,-0.10211,0,20.6,2,upland
7/14/12,SW5,SW,5,2012,6.5,13.9,0.2,NaN,NaN,NaN,2,upland
7/15/12,SW5,SW,5,2012,7,16.3333,0.83,NaN,NaN,NaN,2,upland
7/19/12,SW5,SW,5,2012,8.1,13.3,NaN,-0.1061,0.0098023,20.4,2,upland
7/24/12,SW5,SW,5,2012,4.8,11.8,0.19,-0.12869,0.0054102,NaN,2,upland
7/26/12,SW5,SW,5,2012,5,15.6333,0.2,NaN,NaN,19.9,2,upland
7/31/12,SW5,SW,5,2012,4.7,17.6,0.29,-0.051535,-0.0019676,20.3,2,upland
8/2/12,SW5,SW,5,2012,6.5,15.2333,0.16,NaN,NaN,20.5,2,upland
8/8/12,SW5,SW,5,2012,7,15.6,NaN,-0.069785,0.0083417,NaN,2,upland
8/16/12,SW5,SW,5,2012,12.5,12.6333,0.26,-0.063503,0.015122,20.7,2,upland
5/29/13,SW5,SW,5,2013,27.9,3.7667,NaN,-0.037623,0.011037,20.8,2,upland
6/5/13,SW5,SW,5,2013,26.9,1.8667,NaN,-0.045594,0.0076864,20.7,2,upland
6/9/13,SW5,SW,5,2013,NaN,13.3333,NaN,NaN,NaN,NaN,2,upland
6/12/13,SW5,SW,5,2013,23.6,9.9333,0.08,-0.045187,0.0067492,NaN,2,upland
6/17/13,SW5,SW,5,2013,19.2,12.6333,0.29,-0.056932,0.0096871,NaN,2,upland
6/26/13,SW5,SW,5,2013,21.3,8.3,0.21,NaN,0.00048327,19.6,2,upland
7/1/13,SW5,SW,5,2013,13.1,13.3333,0.6,-0.10061,0.0092627,NaN,2,upland
7/9/13,SW5,SW,5,2013,8,17.3333,0.56,NaN,NaN,20.7,2,upland
7/16/13,SW5,SW,5,2013,8.7,12.3333,0.27,NaN,NaN,NaN,2,upland
7/25/13,SW5,SW,5,2013,8.4,13,0.2,-0.089023,0.0048996,20.9,2,upland
7/30/13,SW5,SW,5,2013,7.6,13,0.4,-0.083806,-0.0014711,20.9,2,upland
8/7/13,SW5,SW,5,2013,4.1,13,0.3,-0.091291,-0.0054143,NaN,2,upland
8/20/13,SW5,SW,5,2013,5.9,13.9667,0.26,-0.103,0.0044214,NaN,2,upland
9/10/13,SW5,SW,5,2013,6.8,11.3667,0.44,-0.030246,0.0044171,20.6,2,upland
7/9/12,SW6,SW,6,2012,6.8,11.7667,0.29,-0.066985,-0.0034355,20.9,1,upland
7/14/12,SW6,SW,6,2012,5.8,13.6333,0.29,NaN,NaN,NaN,1,upland
7/15/12,SW6,SW,6,2012,6.5,19.0667,0.48,NaN,NaN,NaN,1,upland
7/19/12,SW6,SW,6,2012,8.8,13.0333,NaN,-0.067649,0.0063667,20.4,1,upland
7/24/12,SW6,SW,6,2012,5,11.75,0.18,-0.080736,0.0093429,20.7,1,upland
7/26/12,SW6,SW,6,2012,4,16.5667,0.46,NaN,NaN,19.9,1,upland
7/31/12,SW6,SW,6,2012,3.2,20.6,0.62,NaN,0.00061585,20.1,1,upland
8/2/12,SW6,SW,6,2012,4.2,16.7333,0.17,NaN,NaN,20.5,1,upland
8/8/12,SW6,SW,6,2012,6.3,16.4,NaN,-0.061865,0.0063837,NaN,1,upland
8/16/12,SW6,SW,6,2012,4.7,14.5667,0.28,-0.038843,0.0014757,20.8,1,upland
5/29/13,SW6,SW,6,2013,25.9,4.0333,NaN,-0.011853,0.00048091,20.8,1,upland
6/4/13,SW6,SW,6,2013,22,1.9667,NaN,-0.026828,0.016419,20.8,1,upland
6/9/13,SW6,SW,6,2013,NaN,11.5,NaN,NaN,NaN,NaN,1,upland
6/12/13,SW6,SW,6,2013,22.1,9.9667,0.13,-0.028341,0.0019314,NaN,1,upland
6/17/13,SW6,SW,6,2013,21.1,11.4,0.39,-0.030592,0.0033836,NaN,1,upland
6/26/13,SW6,SW,6,2013,21.6,8.3333,0.21,-0.028926,0.0038649,20.8,1,upland
7/1/13,SW6,SW,6,2013,14.1,12,0.47,-0.054752,0.0063309,NaN,1,upland
7/9/13,SW6,SW,6,2013,8.9,16.6667,0.35,-0.045555,0.006366,20.7,1,upland
7/16/13,SW6,SW,6,2013,5.4,13.3333,0.15,NaN,NaN,NaN,1,upland
7/25/13,SW6,SW,6,2013,6,12.3333,0.18,-0.025203,0.0039297,20.9,1,upland
7/30/13,SW6,SW,6,2013,4,14.5,0.44,NaN,0.00036919,NaN,1,upland
8/7/13,SW6,SW,6,2013,2,12.3333,0.2,-0.079454,-0.0049331,NaN,1,upland
8/20/13,SW6,SW,6,2013,6.4,13.7667,0.37,-0.0010486,0.007856,NaN,1,upland
9/10/13,SW6,SW,6,2013,8.5,10.2667,0.45,-0.082001,0.0039192,20.7,1,upland
10/13/11,T1E1,T1,E1,2011,NaN,NaN,NaN,NaN,NaN,NaN,4,riparian
10/23/11,T1E1,T1,E1,2011,54,2.6,NaN,0.00042104,0.0042006,NaN,4,riparian
2/28/12,T1E1,T1,E1,2012,NaN,NaN,NaN,NaN,NaN,NaN,4,riparian
3/5/12,T1E1,T1,E1,2012,NaN,NaN,NaN,NaN,NaN,NaN,4,riparian
5/8/12,T1E1,T1,E1,2012,NaN,NaN,NaN,NaN,NaN,NaN,4,riparian
5/15/12,T1E1,T1,E1,2012,34,5,NaN,NaN,NaN,NaN,4,riparian
6/5/12,T1E1,T1,E1,2012,66.1,5.6,NaN,NaN,NaN,NaN,4,riparian
6/16/12,T1E1,T1,E1,2012,54.2,6.6,NaN,NaN,NaN,NaN,4,riparian
6/21/12,T1E1,T1,E1,2012,48.6,6.4,0.35,0.33638,0.0065719,20.5,4,riparian
6/25/12,T1E1,T1,E1,2012,46.8,10.9333,0.55,NaN,-0.0005879,NaN,4,riparian
7/2/12,T1E1,T1,E1,2012,50.9,12,1.53,38.3398,-0.035589,6.8,4,riparian
7/10/12,T1E1,T1,E1,2012,47.1,13.0667,0.67,4.3189,-0.02586,17,4,riparian
7/16/12,T1E1,T1,E1,2012,55.1,11.1667,0.58,NaN,NaN,19.6,4,riparian
7/18/12,T1E1,T1,E1,2012,47.9,11.6667,0.57,0.036343,-0.00093955,19.3,4,riparian
7/23/12,T1E1,T1,E1,2012,45.8,17.7667,0.82,7.5026,-0.017891,19.7,4,riparian
7/25/12,T1E1,T1,E1,2012,49.7,12.2333,1.26,NaN,NaN,18.8,4,riparian
7/31/12,T1E1,T1,E1,2012,39.4,12.4667,0.49,1.3173,-0.011851,19.6,4,riparian
8/2/12,T1E1,T1,E1,2012,47.3,10.7,0.47,NaN,NaN,NaN,4,riparian
8/7/12,T1E1,T1,E1,2012,50.7,13.9333,1.09,0.36629,-0.0065572,NaN,4,riparian
8/17/12,T1E1,T1,E1,2012,40.3,9.7,0.79,0.05265,0.0056831,20.1,4,riparian
9/1/12,T1E1,T1,E1,2012,43,10.8,0.61,0.10101,0.0070835,20.3,4,riparian
9/29/12,T1E1,T1,E1,2012,45.3,8.4667,0.37,0.039277,0.010835,20.5,4,riparian
10/18/12,T1E1,T1,E1,2012,45.4,0.9,NaN,0.033048,-0.00094205,20.6,4,riparian
4/10/13,T1E1,T1,E1,2013,NaN,NaN,NaN,NaN,NaN,20.5,4,riparian
6/4/13,T1E1,T1,E1,2013,NaN,NaN,0.15,NaN,NaN,NaN,4,riparian
6/25/13,T1E1,T1,E1,2013,53.9,8,0.26,NaN,-0.0022172,NaN,4,riparian
7/1/13,T1E1,T1,E1,2013,52.9,16.3333,1.06,NaN,NaN,NaN,4,riparian
7/10/13,T1E1,T1,E1,2013,53.7,11.3333,0.64,NaN,-0.0039685,NaN,4,riparian
7/17/13,T1E1,T1,E1,2013,45.7,14.6667,0.84,0.12712,-0.011772,18.3,4,riparian
7/23/13,T1E1,T1,E1,2013,45.4,15.3333,0.67,0.040735,0.0014131,NaN,4,riparian
7/30/13,T1E1,T1,E1,2013,50.2,11.3,0.3,NaN,-0.0011716,NaN,4,riparian
8/6/13,T1E1,T1,E1,2013,43.4,13.3333,0.85,0.1879,-0.0042483,21,4,riparian
8/19/13,T1E1,T1,E1,2013,45.5,10.6667,0.64,NaN,NaN,NaN,4,riparian
9/11/13,T1E1,T1,E1,2013,45.2,12.2667,0.67,0.08827,0,19.8,4,riparian
10/23/11,T1E2,T1,E2,2011,24.8,2.7,NaN,-0.022051,0.24411,NaN,2,riparian
2/28/12,T1E2,T1,E2,2012,NaN,NaN,NaN,NaN,NaN,NaN,2,transition
3/5/12,T1E2,T1,E2,2012,NaN,NaN,NaN,NaN,NaN,NaN,2,transition
5/8/12,T1E2,T1,E2,2012,NaN,NaN,NaN,NaN,NaN,NaN,2,transition
5/15/12,T1E2,T1,E2,2012,NaN,NaN,NaN,NaN,NaN,NaN,2,transition
5/31/12,T1E2,T1,E2,2012,31.7,2.2,NaN,-0.0080495,0.0071692,19.6,2,transition
6/5/12,T1E2,T1,E2,2012,32.7,6.7,NaN,-0.012948,0.26307,20.6,2,transition
6/15/12,T1E2,T1,E2,2012,42.9,5.5,NaN,-0.0080606,0.076037,NaN,2,transition
6/16/12,T1E2,T1,E2,2012,NaN,7,NaN,NaN,NaN,20.8,2,transition
6/16/12,T1E2,T1,E2,2012,NaN,7,NaN,NaN,NaN,NaN,2,transition
6/21/12,T1E2,T1,E2,2012,36.6,5.5333,0.29,-0.020189,0.04089,20.7,2,transition
6/25/12,T1E2,T1,E2,2012,42.2,9.7333,0.51,-0.01441,0.060497,20.5,2,transition
7/2/12,T1E2,T1,E2,2012,35.6,12.65,1.22,-0.012015,0.064732,20.5,2,transition
7/10/12,T1E2,T1,E2,2012,15.8,12.2333,0.41,NaN,0.012031,20.4,2,transition
7/16/12,T1E2,T1,E2,2012,11.9,11.1667,0.29,NaN,NaN,20.7,2,transition
7/18/12,T1E2,T1,E2,2012,19.8,11.5,0.43,-0.023449,0.024686,20.3,2,transition
7/23/12,T1E2,T1,E2,2012,10,19.8333,0.78,-0.060667,0.022989,20.8,2,transition
7/25/12,T1E2,T1,E2,2012,10.5,13.3333,0.69,NaN,NaN,19.9,2,transition
7/31/12,T1E2,T1,E2,2012,7.3,12.4333,0.23,-0.041204,0.007358,20.9,2,transition
8/2/12,T1E2,T1,E2,2012,10.6,12.1333,0.09,NaN,NaN,NaN,2,transition
8/7/12,T1E2,T1,E2,2012,7.6,18.6667,0.24,-0.041821,0.0019615,NaN,2,transition
8/17/12,T1E2,T1,E2,2012,11.3,9.2333,0.37,0.009686,0.0039076,20.8,2,transition
9/1/12,T1E2,T1,E2,2012,7.5,12.6333,0.14,-0.049943,0.013242,21,2,transition
9/29/12,T1E2,T1,E2,2012,8.5,8.2,0.05,-0.026712,0.0068587,20.8,2,transition
10/18/12,T1E2,T1,E2,2012,15.7,-0.13333,NaN,-0.048903,0.013126,20.9,2,transition
4/10/13,T1E2,T1,E2,2013,NaN,NaN,NaN,NaN,NaN,20.9,2,transition
5/22/13,T1E2,T1,E2,2013,30,5.6667,NaN,0.00032459,0.0086187,NaN,2,transition
5/29/13,T1E2,T1,E2,2013,33.8,6,NaN,0.024156,-0.010014,NaN,2,transition
6/4/13,T1E2,T1,E2,2013,33.2,1.3333,0.42,-0.0036799,0.0090665,NaN,2,transition
6/12/13,T1E2,T1,E2,2013,37.6,9.5,0.48,-0.0067148,-0.0047495,20.1,2,transition
6/18/13,T1E2,T1,E2,2013,36.6,8.6,0.5,-0.012862,0.033282,20.3,2,transition
6/25/13,T1E2,T1,E2,2013,34.7,8,0.38,-0.0083311,0.02525,NaN,2,transition
7/1/13,T1E2,T1,E2,2013,38.5,16.6667,1.57,-0.0089426,0.065481,20.3,2,transition
7/10/13,T1E2,T1,E2,2013,17.1,13,0.8,-0.013216,0.0097088,NaN,2,transition
7/17/13,T1E2,T1,E2,2013,18.9,14,0.71,NaN,0.00048451,20.7,2,transition
7/23/13,T1E2,T1,E2,2013,12.4,15.6667,0.29,-0.056876,0.011709,NaN,2,transition
7/30/13,T1E2,T1,E2,2013,9.1,12.9667,0.42,-0.073275,0.0073439,20.6,2,transition
8/6/13,T1E2,T1,E2,2013,12.3,14.3333,0.42,-0.031609,0.00048793,20.8,2,transition
8/19/13,T1E2,T1,E2,2013,15.2,10.7667,0.35,0.0018115,-0.0048642,20.8,2,transition
9/11/13,T1E2,T1,E2,2013,20.5,12.0333,0.73,-0.062175,0.00919,20.5,2,transition
10/14/11,T1E3,T1,E3,2011,NaN,NaN,NaN,NaN,NaN,NaN,4,upland
10/23/11,T1E3,T1,E3,2011,17.6,4.2,NaN,-0.048324,0.0067925,NaN,4,upland
2/28/12,T1E3,T1,E3,2012,NaN,NaN,NaN,NaN,NaN,NaN,4,upland
3/5/12,T1E3,T1,E3,2012,NaN,NaN,NaN,NaN,NaN,NaN,4,upland
5/8/12,T1E3,T1,E3,2012,NaN,NaN,NaN,NaN,NaN,NaN,4,upland
5/15/12,T1E3,T1,E3,2012,NaN,NaN,NaN,NaN,NaN,NaN,4,upland
5/31/12,T1E3,T1,E3,2012,31.7,1.1,NaN,-0.019428,0.0038236,19,4,upland
6/5/12,T1E3,T1,E3,2012,26.6,5.6,NaN,-0.0089259,0.012014,19.7,4,upland
6/15/12,T1E3,T1,E3,2012,27,6.3,NaN,-0.023822,0.0028821,NaN,4,upland
6/21/12,T1E3,T1,E3,2012,15.8,6.9333,0.8,-0.039253,0.0048611,NaN,4,upland
6/25/12,T1E3,T1,E3,2012,11.1,10.8667,0.25,-0.07662,0.022962,NaN,4,upland
7/2/12,T1E3,T1,E3,2012,9.6,9.35,1.11,-0.085405,0.0048933,20.7,4,upland
7/10/12,T1E3,T1,E3,2012,6.3,11.7667,0.23,-0.116,-0.00049105,21,4,upland
7/16/12,T1E3,T1,E3,2012,9.6,10.5667,0.33,NaN,NaN,NaN,4,upland
7/18/12,T1E3,T1,E3,2012,8.8,12.1,0.27,-0.10369,0.0044077,NaN,4,upland
7/23/12,T1E3,T1,E3,2012,6.4,16.1333,0.85,-0.10014,0.010802,NaN,4,upland
7/25/12,T1E3,T1,E3,2012,6.3,11.3333,0.35,NaN,NaN,NaN,4,upland
7/31/12,T1E3,T1,E3,2012,5,11.3333,0.13,-0.11288,0.00098347,20.9,4,upland
8/2/12,T1E3,T1,E3,2012,7,10.6333,0.12,NaN,NaN,NaN,4,upland
8/7/12,T1E3,T1,E3,2012,7,13.8333,0.3,-0.097158,0.0019627,NaN,4,upland
8/17/12,T1E3,T1,E3,2012,6.9,8.4333,0.23,-0.064571,0.014231,21.1,4,upland
9/1/12,T1E3,T1,E3,2012,4.7,10.7,0.09,-0.071726,0.012297,20.9,4,upland
9/29/12,T1E3,T1,E3,2012,4.7,7.1333,0.06,-0.087878,0.0059027,20.8,4,upland
10/17/12,T1E3,T1,E3,2012,8.6,1,NaN,-0.076136,0.009797,20.9,4,upland
4/10/13,T1E3,T1,E3,2013,NaN,NaN,NaN,NaN,NaN,20.6,4,upland
5/22/13,T1E3,T1,E3,2013,27.3,NaN,NaN,NaN,NaN,NaN,4,upland
5/29/13,T1E3,T1,E3,2013,24,6,NaN,0.00084466,0.0019275,NaN,4,upland
6/4/13,T1E3,T1,E3,2013,27,2,0.26,-0.018388,0.00096069,NaN,4,upland
6/8/13,T1E3,T1,E3,2013,NaN,8.2,0.32,NaN,NaN,NaN,4,upland
6/12/13,T1E3,T1,E3,2013,24.1,8.1667,0.25,-0.015829,-0.014937,21,4,upland
6/18/13,T1E3,T1,E3,2013,29.4,8.6667,0.27,-0.028105,0.0076659,20.6,4,upland
6/25/13,T1E3,T1,E3,2013,29.7,8,0.17,-0.030936,-0.0076635,NaN,4,upland
7/1/13,T1E3,T1,E3,2013,13.6,17.3333,0.45,-0.058412,-0.0073088,21,4,upland
7/10/13,T1E3,T1,E3,2013,10.4,11.3333,0.29,-0.056666,-0.017112,NaN,4,upland
7/17/13,T1E3,T1,E3,2013,10,13,0.38,-0.04368,0.00097824,20.6,4,upland
7/23/13,T1E3,T1,E3,2013,2.9,12,0.22,-0.07064,0.0039427,NaN,4,upland
7/30/13,T1E3,T1,E3,2013,2.4,11.3667,0.04,-0.1615,0.0034517,20.8,4,upland
8/6/13,T1E3,T1,E3,2013,7,10.6667,0.3,NaN,0.00024534,20.8,4,upland
8/19/13,T1E3,T1,E3,2013,6.9,9.7,0.25,-0.10399,0.00049074,20.9,4,upland
9/11/13,T1E3,T1,E3,2013,11.9,11.2333,0.35,-0.082101,-0.0043932,20.7,4,upland
10/14/11,T1E4,T1,E4,2011,NaN,NaN,NaN,NaN,NaN,NaN,6,upland
10/23/11,T1E4,T1,E4,2011,15.5,3,NaN,-0.053018,-0.0063215,NaN,6,upland
2/28/12,T1E4,T1,E4,2012,NaN,NaN,NaN,NaN,NaN,NaN,6,upland
3/5/12,T1E4,T1,E4,2012,NaN,NaN,NaN,NaN,NaN,NaN,6,upland
5/8/12,T1E4,T1,E4,2012,NaN,NaN,NaN,NaN,NaN,NaN,6,upland
5/15/12,T1E4,T1,E4,2012,NaN,NaN,NaN,NaN,NaN,NaN,6,upland
5/31/12,T1E4,T1,E4,2012,30.2,0,NaN,0.0039433,0.003351,19,6,upland
6/15/12,T1E4,T1,E4,2012,19.6,6.6,NaN,-0.027376,-0.00048415,NaN,6,upland
6/21/12,T1E4,T1,E4,2012,13.5,6.6333,0.45,-0.039747,0.0014619,20.6,6,upland
6/25/12,T1E4,T1,E4,2012,9.9,10.8333,0.69,-0.03115,0.010762,NaN,6,upland
7/2/12,T1E4,T1,E4,2012,11.9,9.2,0.72,-0.053109,0.0024407,20.8,6,upland
7/10/12,T1E4,T1,E4,2012,6.5,11.6,0.56,-0.063606,0.0029457,20.9,6,upland
7/16/12,T1E4,T1,E4,2012,6.8,10.3667,0.55,NaN,NaN,NaN,6,upland
7/18/12,T1E4,T1,E4,2012,7.8,11,0.68,-0.064131,-0.0024513,NaN,6,upland
7/23/12,T1E4,T1,E4,2012,5,13.8333,0.99,-0.091892,0.0049173,NaN,6,upland
7/25/12,T1E4,T1,E4,2012,5.8,11,0.6,NaN,NaN,NaN,6,upland
7/31/12,T1E4,T1,E4,2012,5,11.2333,0.32,-0.07582,-0.0014752,20.6,6,upland
8/2/12,T1E4,T1,E4,2012,5.8,9.9333,0.32,NaN,NaN,NaN,6,upland
8/7/12,T1E4,T1,E4,2012,4.5,13.9667,0.33,-0.067286,0.001476,NaN,6,upland
8/17/12,T1E4,T1,E4,2012,5.4,8.4333,0.37,-0.041781,-0.0049152,20.8,6,upland
9/1/12,T1E4,T1,E4,2012,4.1,10.1333,0.19,-0.029436,0.0078753,20.8,6,upland
9/29/12,T1E4,T1,E4,2012,3.7,6.5667,0.09,-0.060821,0.0083711,20.9,6,upland
10/17/12,T1E4,T1,E4,2012,8.5,0.9,NaN,-0.05622,-0.0024495,20.8,6,upland
4/10/13,T1E4,T1,E4,2013,NaN,NaN,NaN,NaN,NaN,20.8,6,upland
5/22/13,T1E4,T1,E4,2013,19.2,NaN,NaN,NaN,NaN,NaN,6,upland
5/29/13,T1E4,T1,E4,2013,21.4,3,NaN,-0.0016544,-0.0091812,NaN,6,upland
6/4/13,T1E4,T1,E4,2013,15.9,2,0.07,-0.043848,-0.0063188,NaN,6,upland
6/8/13,T1E4,T1,E4,2013,NaN,10.3333,0.22,NaN,NaN,NaN,6,upland
6/12/13,T1E4,T1,E4,2013,22.4,7.8333,0.42,-0.00085307,-0.0019308,21,6,upland
6/18/13,T1E4,T1,E4,2013,23,9.2,0.44,NaN,NaN,21,6,upland
6/25/13,T1E4,T1,E4,2013,20.5,8.3333,0.14,NaN,-0.0012092,NaN,6,upland
7/1/13,T1E4,T1,E4,2013,14.8,16.3333,0.58,NaN,-0.0013382,20.6,6,upland
7/10/13,T1E4,T1,E4,2013,5.1,10.6667,0.4,-0.070695,-0.016225,NaN,6,upland
7/17/13,T1E4,T1,E4,2013,9.6,12,0.61,NaN,NaN,NaN,6,upland
7/23/13,T1E4,T1,E4,2013,4.5,10.6667,0.39,-0.0040838,0.0093479,20.9,6,upland
7/30/13,T1E4,T1,E4,2013,3.5,11.6,0.28,-0.097509,-0.0014776,20.8,6,upland
8/6/13,T1E4,T1,E4,2013,5.5,10,0.21,-0.071696,0.02015,21,6,upland
8/19/13,T1E4,T1,E4,2013,7,10.6333,0.42,0.0033794,0.007851,20.7,6,upland
9/11/13,T1E4,T1,E4,2013,7.4,10.4333,0.48,-0.080293,-0.0029429,20.8,6,upland
10/14/11,T1W1,T1,W1,2011,NaN,NaN,NaN,NaN,NaN,NaN,2,riparian
10/23/11,T1W1,T1,W1,2011,52,3.6,NaN,0.0029211,0.0023386,NaN,2,riparian
2/28/12,T1W1,T1,W1,2012,NaN,NaN,NaN,NaN,NaN,NaN,2,riparian
3/5/12,T1W1,T1,W1,2012,NaN,NaN,NaN,NaN,NaN,NaN,2,riparian
5/8/12,T1W1,T1,W1,2012,NaN,NaN,NaN,NaN,NaN,NaN,2,riparian
5/15/12,T1W1,T1,W1,2012,NaN,NaN,NaN,NaN,NaN,NaN,2,riparian
6/16/12,T1W1,T1,W1,2012,56.2,12.2,NaN,NaN,NaN,NaN,2,riparian
6/21/12,T1W1,T1,W1,2012,63.8,8.5667,1.01,0.030246,-0.0013857,19.7,2,riparian
6/25/12,T1W1,T1,W1,2012,61.5,12.2667,1.52,NaN,NaN,19.7,2,riparian
7/2/12,T1W1,T1,W1,2012,52.9,12.4,1.5,NaN,-0.0028037,NaN,2,riparian
7/10/12,T1W1,T1,W1,2012,48.9,12.9333,0.6,0.031488,0,20.7,2,riparian
7/16/12,T1W1,T1,W1,2012,54.3,12.3333,0.75,NaN,NaN,20.4,2,riparian
7/18/12,T1W1,T1,W1,2012,49.4,12.5333,0.78,0.025224,0.0032832,19.9,2,riparian
7/23/12,T1W1,T1,W1,2012,32.5,17.2667,1.16,0.037067,0.010028,20.7,2,riparian
7/25/12,T1W1,T1,W1,2012,33.4,13.9333,1.35,NaN,NaN,20.5,2,riparian
7/31/12,T1W1,T1,W1,2012,29.6,13.1667,0.68,0.15332,-0.0023951,20.2,2,riparian
8/2/12,T1W1,T1,W1,2012,34,12.3333,0.58,NaN,NaN,20.5,2,riparian
8/7/12,T1W1,T1,W1,2012,27.3,12.0333,0.98,NaN,0.029772,NaN,2,riparian
8/17/12,T1W1,T1,W1,2012,21.4,9.6667,0.59,NaN,0.0030201,NaN,2,riparian
8/31/12,T1W1,T1,W1,2012,11.7,10.6333,0.38,0.049688,0.018553,20.8,2,riparian
9/29/12,T1W1,T1,W1,2012,12.8,8.3,0.23,0.025854,0.008778,20.8,2,riparian
10/18/12,T1W1,T1,W1,2012,37.3,2,NaN,0.0052294,0.0052262,20.9,2,riparian
4/10/13,T1W1,T1,W1,2013,NaN,NaN,NaN,NaN,NaN,20.6,2,riparian
5/29/13,T1W1,T1,W1,2013,NaN,6,NaN,NaN,NaN,NaN,2,riparian
6/4/13,T1W1,T1,W1,2013,57.2,2,0.18,NaN,NaN,NaN,2,riparian
6/18/13,T1W1,T1,W1,2013,NaN,9.8,0.81,NaN,NaN,NaN,2,riparian
6/25/13,T1W1,T1,W1,2013,53.9,9,0.25,NaN,-0.0018671,NaN,2,riparian
7/1/13,T1W1,T1,W1,2013,52.9,16.6667,0.94,NaN,NaN,NaN,2,riparian
7/10/13,T1W1,T1,W1,2013,52.6,12.3333,0.96,NaN,-0.0031551,NaN,2,riparian
7/17/13,T1W1,T1,W1,2013,53.3,13.3333,0.87,0.0013263,0.011677,20.9,2,riparian
7/23/13,T1W1,T1,W1,2013,46,15,1.28,0.00041496,0.008473,NaN,2,riparian
7/30/13,T1W1,T1,W1,2013,30.4,11.2667,0.64,NaN,-0.0040682,NaN,2,riparian
8/6/13,T1W1,T1,W1,2013,32.6,12.3333,0.97,NaN,NaN,20.6,2,riparian
8/19/13,T1W1,T1,W1,2013,36.5,11.0333,0.75,0.00064353,-0.0042796,20.9,2,riparian
9/11/13,T1W1,T1,W1,2013,36,11.7,1.01,0.0012576,0.0019031,20.8,2,riparian
10/13/11,T1W2,T1,W2,2011,NaN,NaN,NaN,NaN,NaN,NaN,2,riparian
10/23/11,T1W2,T1,W2,2011,42,3.4,NaN,0.0028578,0.0052001,NaN,2,riparian
2/28/12,T1W2,T1,W2,2012,NaN,NaN,NaN,NaN,NaN,NaN,2,riparian
3/5/12,T1W2,T1,W2,2012,NaN,NaN,NaN,NaN,NaN,NaN,2,riparian
5/8/12,T1W2,T1,W2,2012,NaN,NaN,NaN,NaN,NaN,NaN,2,riparian
5/15/12,T1W2,T1,W2,2012,NaN,5,NaN,NaN,NaN,NaN,2,riparian
6/16/12,T1W2,T1,W2,2012,53.2,6.9,NaN,0.0048445,0.0018685,21,2,riparian
6/21/12,T1W2,T1,W2,2012,58.1,8.9667,0.6,0.0022163,0.0023235,20.5,2,riparian
6/25/12,T1W2,T1,W2,2012,53.3,11.4,0.93,0.0033033,0.010743,NaN,2,riparian
7/2/12,T1W2,T1,W2,2012,47.8,11.9,1.09,0.0010739,0.013155,20.6,2,riparian
7/10/12,T1W2,T1,W2,2012,51.5,15.9667,0.64,0.0011215,0.0051477,14.4,2,riparian
7/16/12,T1W2,T1,W2,2012,48.1,14.1667,0.46,NaN,NaN,19.2,2,riparian
7/18/12,T1W2,T1,W2,2012,39.9,14.2333,0.79,0.003402,0.00047379,19.8,2,riparian
7/23/12,T1W2,T1,W2,2012,47.8,19.2667,0.89,NaN,-0.0056379,20.8,2,riparian
7/25/12,T1W2,T1,W2,2012,40.4,17.0333,1.03,NaN,NaN,20.3,2,riparian
7/31/12,T1W2,T1,W2,2012,30.7,17.4333,0.55,0.016852,0.013875,19.9,2,riparian
8/2/12,T1W2,T1,W2,2012,37.6,13.6333,0.29,NaN,NaN,NaN,2,riparian
8/7/12,T1W2,T1,W2,2012,24,18.1333,0.98,0.0020792,0.0038551,NaN,2,riparian
8/17/12,T1W2,T1,W2,2012,22.6,10.8667,0.49,0.0032335,0.0091694,20.8,2,riparian
8/31/12,T1W2,T1,W2,2012,11.9,15,0.18,0.0014111,0.0068339,20.8,2,riparian
9/29/12,T1W2,T1,W2,2012,10,10.3667,0.14,0.0021412,0.0063586,20.9,2,riparian
10/18/12,T1W2,T1,W2,2012,25.7,1.0333,NaN,-0.0014763,0.0062532,20.9,2,riparian
4/10/13,T1W2,T1,W2,2013,NaN,NaN,NaN,NaN,NaN,NaN,2,riparian
5/22/13,T1W2,T1,W2,2013,50,5.6667,NaN,-0.00027114,0.0093745,NaN,2,riparian
5/29/13,T1W2,T1,W2,2013,47.5,5,NaN,0.00060678,-0.010809,NaN,2,riparian
6/4/13,T1W2,T1,W2,2013,53,2,0.09,0.00052174,0.00093446,NaN,2,riparian
6/8/13,T1W2,T1,W2,2013,NaN,10,0.67,NaN,NaN,NaN,2,riparian
6/12/13,T1W2,T1,W2,2013,48.1,8.3333,0.58,NaN,0.0049316,21,2,riparian
6/18/13,T1W2,T1,W2,2013,51.8,7.8333,0.71,0.00076236,0.00046783,20.5,2,riparian
6/25/13,T1W2,T1,W2,2013,46.8,8,0.17,0.00043278,0.019283,NaN,2,riparian
7/1/13,T1W2,T1,W2,2013,49.6,17.6667,1.05,-0.00016946,-0.006096,20.8,2,riparian
7/10/13,T1W2,T1,W2,2013,44.3,14,0.75,0.0013697,-0.0042442,NaN,2,riparian
7/17/13,T1W2,T1,W2,2013,44.4,14.6667,0.68,NaN,NaN,20.6,2,riparian
7/23/13,T1W2,T1,W2,2013,45.4,17,1.68,0.00011705,0.00094205,NaN,2,riparian
7/30/13,T1W2,T1,W2,2013,32.6,13.1,0.52,-0.00028045,0.0052524,20.7,2,riparian
8/6/13,T1W2,T1,W2,2013,38,15,0.93,0.00062106,0.0033233,20.6,2,riparian
8/19/13,T1W2,T1,W2,2013,32.7,13.1,0.7,0.0010358,-0.0052518,20.7,2,riparian
9/11/13,T1W2,T1,W2,2013,29.2,14.4,0.5,-0.0034437,0,20.6,2,riparian
10/13/11,T1W3,T1,W3,2011,NaN,NaN,NaN,NaN,NaN,NaN,6,upland
10/23/11,T1W3,T1,W3,2011,10.1,3.8,NaN,-0.037615,0.0063579,NaN,6,upland
2/28/12,T1W3,T1,W3,2012,NaN,NaN,NaN,NaN,NaN,NaN,6,upland
3/5/12,T1W3,T1,W3,2012,NaN,NaN,NaN,NaN,NaN,NaN,6,upland
5/8/12,T1W3,T1,W3,2012,NaN,NaN,NaN,NaN,NaN,NaN,6,upland
5/15/12,T1W3,T1,W3,2012,NaN,5,NaN,NaN,NaN,NaN,6,upland
6/15/12,T1W3,T1,W3,2012,21.8,9.9,NaN,0.012059,0.0067622,NaN,6,upland
6/21/12,T1W3,T1,W3,2012,16,8.9667,1.29,0,0.010692,20.5,6,upland
6/25/12,T1W3,T1,W3,2012,11.1,11.6333,1.25,-0.0096613,0.024427,NaN,6,upland
7/2/12,T1W3,T1,W3,2012,11.8,10.1,1.77,-0.030446,0.0097637,20.8,6,upland
7/10/12,T1W3,T1,W3,2012,7.3,12.0333,0.54,-0.053831,0.0093201,20.7,6,upland
7/16/12,T1W3,T1,W3,2012,6.3,11.7,0.92,NaN,NaN,NaN,6,upland
7/18/12,T1W3,T1,W3,2012,5.5,14.0667,1.37,-0.044489,0.009338,NaN,6,upland
7/23/12,T1W3,T1,W3,2012,4.7,15.7,1.34,-0.067495,0.0182,NaN,6,upland
7/25/12,T1W3,T1,W3,2012,5.2,16.3333,0.78,NaN,NaN,NaN,6,upland
7/31/12,T1W3,T1,W3,2012,3.4,14.3667,0.53,-0.042409,0.003448,19.8,6,upland
8/2/12,T1W3,T1,W3,2012,4.7,11.5333,0.25,NaN,NaN,NaN,6,upland
8/7/12,T1W3,T1,W3,2012,5.2,14.0333,0.24,-0.047302,0.00098326,NaN,6,upland
8/17/12,T1W3,T1,W3,2012,4.3,8.7333,0.49,-0.04307,0.0034447,20.7,6,upland
8/31/12,T1W3,T1,W3,2012,2.3,12.2,0.14,-0.053037,0.014794,20.9,6,upland
9/29/12,T1W3,T1,W3,2012,3.2,9.4333,0.09,-0.051467,0.010839,20.8,6,upland
10/17/12,T1W3,T1,W3,2012,5.8,1.9333,NaN,-0.037599,0.0044218,20.8,6,upland
4/10/13,T1W3,T1,W3,2013,NaN,NaN,NaN,NaN,NaN,20.7,6,upland
5/22/13,T1W3,T1,W3,2013,14.9,6,NaN,-0.010187,0,NaN,6,upland
5/29/13,T1W3,T1,W3,2013,24.2,6.3333,NaN,-0.00089946,-0.0072267,NaN,6,upland
6/4/13,T1W3,T1,W3,2013,26.4,2,0.11,-0.012717,-0.0052872,NaN,6,upland
6/8/13,T1W3,T1,W3,2013,NaN,10.4,0.38,NaN,NaN,NaN,6,upland
6/12/13,T1W3,T1,W3,2013,23.1,9.6667,0.79,-0.028637,-0.0072352,20.8,6,upland
6/18/13,T1W3,T1,W3,2013,24,9.5,1.05,-0.002534,-0.0014457,20.3,6,upland
6/25/13,T1W3,T1,W3,2013,22.7,8,0.2,-6.99E-05,-0.009651,NaN,6,upland
7/1/13,T1W3,T1,W3,2013,19.1,16,0.69,-0.0094994,-0.013079,21,6,upland
7/10/13,T1W3,T1,W3,2013,17.4,13,0.48,NaN,-0.0012132,NaN,6,upland
7/17/13,T1W3,T1,W3,2013,8,14,0.58,NaN,NaN,20.9,6,upland
7/23/13,T1W3,T1,W3,2013,5.3,17.3333,0.68,NaN,NaN,NaN,6,upland
7/30/13,T1W3,T1,W3,2013,3.2,12.9,0.34,-0.071342,0.0083755,20.8,6,upland
8/6/13,T1W3,T1,W3,2013,4.9,16.6667,0.59,-0.049818,0.0083604,20.9,6,upland
8/19/13,T1W3,T1,W3,2013,2.9,12.5333,0.68,-0.017447,-0.00049283,20.7,6,upland
9/11/13,T1W3,T1,W3,2013,6.2,12.7,0.6,-0.032344,0.0014733,21,6,upland
10/13/11,T1W4,T1,W4,2011,NaN,NaN,NaN,NaN,NaN,NaN,5,upland
10/23/11,T1W4,T1,W4,2011,14.7,3.6,NaN,-0.028167,-0.00048668,NaN,5,upland
2/28/12,T1W4,T1,W4,2012,NaN,NaN,NaN,NaN,NaN,NaN,5,upland
3/5/12,T1W4,T1,W4,2012,NaN,NaN,NaN,NaN,NaN,NaN,5,upland
5/8/12,T1W4,T1,W4,2012,NaN,NaN,NaN,NaN,NaN,NaN,5,upland
5/15/12,T1W4,T1,W4,2012,NaN,5,NaN,NaN,NaN,NaN,5,upland
6/15/12,T1W4,T1,W4,2012,27.5,4.3,NaN,NaN,0.0024005,NaN,5,upland
6/16/12,T1W4,T1,W4,2012,NaN,7,NaN,NaN,NaN,20.9,5,upland
6/21/12,T1W4,T1,W4,2012,16.8,9.3667,0.66,-0.029997,0.0029136,20.6,5,upland
6/25/12,T1W4,T1,W4,2012,12.9,10.8,0.96,-0.010914,0.015604,NaN,5,upland
7/2/12,T1W4,T1,W4,2012,16.6,9.4,0.79,-0.039694,0.0077711,20.8,5,upland
7/10/12,T1W4,T1,W4,2012,7.3,14.2,0.83,-0.060809,0.0014716,NaN,5,upland
7/16/12,T1W4,T1,W4,2012,9.4,12.5,0.54,NaN,NaN,NaN,5,upland
7/18/12,T1W4,T1,W4,2012,6.8,14,0.75,-0.03691,0.0073619,NaN,5,upland
7/23/12,T1W4,T1,W4,2012,6.8,17.1,0.58,-0.057587,0.0068711,NaN,5,upland
7/25/12,T1W4,T1,W4,2012,6.3,16.6667,0.53,NaN,NaN,NaN,5,upland
7/31/12,T1W4,T1,W4,2012,4.7,15.7667,0.35,-0.054996,0.0019676,19.3,5,upland
8/2/12,T1W4,T1,W4,2012,5.5,11.5333,0.19,NaN,NaN,NaN,5,upland
8/7/12,T1W4,T1,W4,2012,5.5,15.2667,0.38,-0.060482,0,NaN,5,upland
8/17/12,T1W4,T1,W4,2012,5.9,8.7,0.21,-0.023907,0.0073689,20.8,5,upland
8/31/12,T1W4,T1,W4,2012,4.9,14.7667,0.1,-0.030613,0.0098357,20.8,5,upland
9/28/12,T1W4,T1,W4,2012,3.8,10.7333,0.08,-0.042275,0.0059084,20.8,5,upland
10/17/12,T1W4,T1,W4,2012,13.2,0.86667,NaN,-0.022179,0,20.9,5,upland
4/10/13,T1W4,T1,W4,2013,NaN,NaN,NaN,NaN,NaN,20.5,5,upland
5/22/13,T1W4,T1,W4,2013,18.4,6,NaN,8.90E-05,0.0048477,NaN,5,upland
5/29/13,T1W4,T1,W4,2013,24.4,6,NaN,-0.0014612,-0.0052985,NaN,5,upland
6/4/13,T1W4,T1,W4,2013,21.4,2,0.25,-0.03775,-0.0096644,NaN,5,upland
6/8/13,T1W4,T1,W4,2013,NaN,11,0.4,NaN,NaN,NaN,5,upland
6/12/13,T1W4,T1,W4,2013,21.2,6.6667,0.22,-0.0039546,0.01885,20.1,5,upland
6/18/13,T1W4,T1,W4,2013,22.3,8.9333,0.4,-0.026165,-0.001931,20.8,5,upland
6/25/13,T1W4,T1,W4,2013,20,9.6667,0.32,-0.024977,-0.00048394,NaN,5,upland
7/1/13,T1W4,T1,W4,2013,16.8,16.6667,0.81,-0.0036036,-0.0067983,20.7,5,upland
7/10/13,T1W4,T1,W4,2013,10.9,11.3333,0.47,-0.049124,-0.014171,NaN,5,upland
7/17/13,T1W4,T1,W4,2013,8.3,12.3333,0.53,-0.055443,0.0029401,20.8,5,upland
7/23/13,T1W4,T1,W4,2013,7.6,19,0.42,NaN,-0.00024519,NaN,5,upland
7/30/13,T1W4,T1,W4,2013,4.8,13.9667,0.06,-0.049143,0,20.9,5,upland
8/6/13,T1W4,T1,W4,2013,4.8,13.6667,0.47,NaN,-0.0006148,20.6,5,upland
8/19/13,T1W4,T1,W4,2013,5.5,13.1,0.6,NaN,0.00049147,20,5,upland
9/11/13,T1W4,T1,W4,2013,7.1,13.0667,0.56,NaN,0.00012266,NaN,5,upland
6/25/12,T2E1,T2,E1,2012,46.6,15.1,1.23,NaN,NaN,NaN,3,transition
7/2/12,T2E1,T2,E1,2012,42.4,16.15,1.58,0.0036949,0.015121,20.6,3,transition
7/10/12,T2E1,T2,E1,2012,39.9,16.7,0.93,0,0.011371,20.1,3,transition
7/16/12,T2E1,T2,E1,2012,43.5,14.2333,0.38,NaN,NaN,NaN,3,transition
7/18/12,T2E1,T2,E1,2012,33.7,18.3333,0.65,0.0024857,0.0124,20.2,3,transition
7/23/12,T2E1,T2,E1,2012,34.2,17.7333,0.41,-0.0010253,0.01144,19.8,3,transition
7/25/12,T2E1,T2,E1,2012,30.7,18.7667,0.91,NaN,NaN,NaN,3,transition
7/31/12,T2E1,T2,E1,2012,33,17.7333,0.63,0.0034473,0.00095457,19.4,3,transition
8/2/12,T2E1,T2,E1,2012,19.9,14.2333,0.58,NaN,NaN,20.6,3,transition
8/7/12,T2E1,T2,E1,2012,39.4,14.5,0.75,0.0011208,0.0066366,19.4,3,transition
8/17/12,T2E1,T2,E1,2012,27.3,13.6,0.6,0.017919,0.012485,20.8,3,transition
8/18/12,T2E1,T2,E1,2012,31.5,10.2,NaN,0.00059668,0.0066927,20.8,3,transition
5/29/13,T2E1,T2,E1,2013,50.1,8.6667,NaN,0.019173,-0.010311,NaN,3,transition
6/5/13,T2E1,T2,E1,2013,52.2,3.6667,0.44,0.01367,0.0084173,NaN,3,transition
6/18/13,T2E1,T2,E1,2013,50.6,11,0.33,NaN,NaN,NaN,3,transition
6/25/13,T2E1,T2,E1,2013,48,9.8,0.36,0.001517,-0.0042275,20.8,3,transition
7/1/13,T2E1,T2,E1,2013,44,17.3333,0.83,-0.0030604,0.012265,20.8,3,transition
7/10/13,T2E1,T2,E1,2013,40.5,12.6667,0.74,-0.00030836,-0.013258,20.5,3,transition
7/16/13,T2E1,T2,E1,2013,41,13.3667,0.25,NaN,NaN,20.6,3,transition
7/23/13,T2E1,T2,E1,2013,39.9,15.7,1.34,-7.97E-05,0.00094758,20,3,transition
7/30/13,T2E1,T2,E1,2013,36.5,13.5667,0.35,-0.000547,-0.0038041,20.7,3,transition
8/6/13,T2E1,T2,E1,2013,40.9,11,0.61,-0.0017587,0.020825,20.7,3,transition
8/19/13,T2E1,T2,E1,2013,40.9,17.3333,1.08,-0.0027637,0.0075726,20.4,3,transition
9/11/13,T2E1,T2,E1,2013,38.4,9.7667,0.36,-0.0059279,0.0018982,20.8,3,transition
6/25/12,T2E2,T2,E2,2012,22.2,11.4,1.76,NaN,NaN,NaN,6,transition
7/2/12,T2E2,T2,E2,2012,19.7,13.6,1.52,NaN,NaN,NaN,6,upland
7/10/12,T2E2,T2,E2,2012,7.3,13.1,0.95,-0.068119,0.01815,20.4,6,upland
7/16/12,T2E2,T2,E2,2012,12.7,11.9,0.5,NaN,NaN,NaN,6,upland
7/18/12,T2E2,T2,E2,2012,12.2,12.4333,0.46,-0.014884,0.017567,20.3,6,upland
7/23/12,T2E2,T2,E2,2012,18.7,14.7333,0.44,-0.045952,0.016961,NaN,6,upland
7/25/12,T2E2,T2,E2,2012,10.1,13.1,0.89,NaN,NaN,NaN,6,upland
7/31/12,T2E2,T2,E2,2012,7.2,14.1667,0.4,-0.067333,0.0073587,19.5,6,upland
8/2/12,T2E2,T2,E2,2012,7,10.4667,0.21,NaN,NaN,NaN,6,upland
8/7/12,T2E2,T2,E2,2012,6.7,11.0667,0.31,NaN,0.00073627,NaN,6,upland
8/17/12,T2E2,T2,E2,2012,8.4,10.4667,0.44,-0.051227,0.015189,21,6,upland
5/22/13,T2E2,T2,E2,2013,NaN,NaN,NaN,NaN,NaN,NaN,6,upland
5/29/13,T2E2,T2,E2,2013,41.6,6,NaN,-0.00048311,-0.0066211,NaN,6,upland
6/5/13,T2E2,T2,E2,2013,38.9,2,0.11,-0.00061853,0.0004743,NaN,6,upland
6/9/13,T2E2,T2,E2,2013,NaN,5,0.15,NaN,NaN,NaN,6,upland
6/12/13,T2E2,T2,E2,2013,25.9,8.6667,0.39,-0.0047881,-0.0062518,20.8,6,upland
6/18/13,T2E2,T2,E2,2013,45.1,6.6667,0.21,-0.0041269,0.0047118,20.4,6,upland
6/25/13,T2E2,T2,E2,2013,31.8,8.4,0.23,-0.013871,-0.0019116,21,6,upland
7/1/13,T2E2,T2,E2,2013,29.1,15,1.33,-0.024486,0.0071891,20.8,6,upland
7/10/13,T2E2,T2,E2,2013,18.2,9.3333,0.79,NaN,-0.0024243,20.6,6,upland
7/16/13,T2E2,T2,E2,2013,20.3,10.1,0.15,-0.040159,NaN,20.8,6,upland
7/23/13,T2E2,T2,E2,2013,6.6,15.1333,0.68,NaN,NaN,20.7,6,upland
7/30/13,T2E2,T2,E2,2013,6.3,9.7,0.41,-0.0019333,-0.0024553,20.9,6,upland
8/6/13,T2E2,T2,E2,2013,8.2,9,0.44,-0.0067917,0.026463,20.9,6,upland
8/19/13,T2E2,T2,E2,2013,13.8,12.3,0.69,-0.033894,0.015589,20.6,6,upland
9/11/13,T2E2,T2,E2,2013,11.7,7.9,0.41,NaN,NaN,20.7,6,upland
6/25/12,T2E3,T2,E3,2012,11.7,14.9333,0.65,-0.022963,0.011229,NaN,6,upland
7/2/12,T2E3,T2,E3,2012,14.5,11.0667,0.9,NaN,NaN,NaN,6,upland
7/10/12,T2E3,T2,E3,2012,5.5,11.7,0.56,-0.052945,0.013761,NaN,6,upland
7/16/12,T2E3,T2,E3,2012,7.6,11.5333,0.59,NaN,NaN,NaN,6,upland
7/18/12,T2E3,T2,E3,2012,6.3,14.5667,0.55,-0.0877,0.015223,NaN,6,upland
7/23/12,T2E3,T2,E3,2012,5.9,13.9667,0.53,-0.09347,0.013264,NaN,6,upland
7/25/12,T2E3,T2,E3,2012,7.3,13.1,0.6,NaN,NaN,20.8,6,upland
7/31/12,T2E3,T2,E3,2012,5,12.2333,0.48,-0.080547,0.007376,19,6,upland
8/2/12,T2E3,T2,E3,2012,4.7,10.6333,0.26,NaN,NaN,20.4,6,upland
8/7/12,T2E3,T2,E3,2012,5.8,11.6333,0.32,-0.088393,0.0088437,NaN,6,upland
8/17/12,T2E3,T2,E3,2012,6.2,9.3333,0.25,-0.028632,0.0068755,20.9,6,upland
5/22/13,T2E3,T2,E3,2013,28.9,4.3333,NaN,-0.0055741,0.0043144,NaN,6,upland
5/29/13,T2E3,T2,E3,2013,28.5,4.6667,NaN,-0.013975,-0.0038366,NaN,6,upland
6/5/13,T2E3,T2,E3,2013,27.3,1,NaN,-0.031034,-0.010564,NaN,6,upland
6/9/13,T2E3,T2,E3,2013,NaN,5,0.22,NaN,NaN,NaN,6,upland
6/12/13,T2E3,T2,E3,2013,19.1,11.3333,0.52,8.56E-05,-0.01211,20.7,6,upland
6/18/13,T2E3,T2,E3,2013,22.2,8.6667,0.25,-0.013156,0.013519,21,6,upland
6/25/13,T2E3,T2,E3,2013,24.8,7.6333,0.42,-0.0029816,-0.015407,21,6,upland
7/1/13,T2E3,T2,E3,2013,16.4,14.3333,0.93,-0.008666,-0.0063154,21,6,upland
7/10/13,T2E3,T2,E3,2013,15.4,9.3333,0.4,-0.04004,-0.010213,NaN,6,upland
7/16/13,T2E3,T2,E3,2013,5.2,9.5333,0.25,NaN,NaN,20.8,6,upland
7/23/13,T2E3,T2,E3,2013,3.5,NaN,1.4,NaN,NaN,20.6,6,upland
7/30/13,T2E3,T2,E3,2013,4.4,9.9667,0.31,-0.11558,0.0049205,21,6,upland
8/6/13,T2E3,T2,E3,2013,7.1,10,0.36,-0.071578,0.017172,21,6,upland
8/19/13,T2E3,T2,E3,2013,5.1,12.0667,0.48,-0.079156,0.0054085,21.1,6,upland
9/11/13,T2E3,T2,E3,2013,7.8,7.9333,0.65,-0.12099,0.007354,20.7,6,upland
6/25/12,T2E4,T2,E4,2012,14.2,11.2,0.93,-0.041369,0.02386,NaN,1,upland
7/2/12,T2E4,T2,E4,2012,17.9,11.0333,0.61,NaN,NaN,NaN,1,upland
7/10/12,T2E4,T2,E4,2012,7.6,13.1,0.72,-0.055217,0.003923,19.7,1,upland
7/16/12,T2E4,T2,E4,2012,9.9,10.6333,0.55,NaN,NaN,NaN,1,upland
7/18/12,T2E4,T2,E4,2012,7,11.9333,0.95,-0.084992,0.019627,NaN,1,upland
7/23/12,T2E4,T2,E4,2012,8.9,12.6333,0.53,-0.082455,0.004897,NaN,1,upland
7/25/12,T2E4,T2,E4,2012,6.5,11.9667,0.87,NaN,NaN,20.5,1,upland
7/31/12,T2E4,T2,E4,2012,4.2,11.7667,0.35,-0.099284,0.01132,18.9,1,upland
8/2/12,T2E4,T2,E4,2012,5.2,9.8333,0.31,NaN,NaN,19.7,1,upland
8/7/12,T2E4,T2,E4,2012,6.8,10.3667,0.41,-0.077409,0.0098158,NaN,1,upland
8/17/12,T2E4,T2,E4,2012,6.9,10.2,0.39,-0.064061,0.019139,20.8,1,upland
5/22/13,T2E4,T2,E4,2013,NaN,NaN,NaN,NaN,NaN,NaN,1,upland
5/29/13,T2E4,T2,E4,2013,24.4,2,NaN,0.0010165,-0.0052985,NaN,1,upland
6/5/13,T2E4,T2,E4,2013,25.2,2.6667,NaN,NaN,-0.0013235,NaN,1,upland
6/9/13,T2E4,T2,E4,2013,NaN,3.1667,0.2,NaN,NaN,NaN,1,upland
6/12/13,T2E4,T2,E4,2013,21.4,9,0.6,-0.01489,-0.0048322,20.9,1,upland
6/18/13,T2E4,T2,E4,2013,29.1,8.5,0.34,-0.0019023,0.01294,20.5,1,upland
6/25/13,T2E4,T2,E4,2013,24.9,7.5667,0.32,-0.027301,0.019738,21,1,upland
7/1/13,T2E4,T2,E4,2013,16.9,16.6667,0.78,-0.040676,0.010196,20.8,1,upland
7/10/13,T2E4,T2,E4,2013,16.1,9.6667,0.46,-0.037786,-0.011663,21,1,upland
7/16/13,T2E4,T2,E4,2013,5.4,9.3667,0.32,-0.093546,NaN,20.8,1,upland
7/23/13,T2E4,T2,E4,2013,5.4,10.9667,0.68,-0.058975,-0.00049152,20.9,1,upland
7/30/13,T2E4,T2,E4,2013,5.6,10.0667,0.29,-0.095059,0.0019657,20.8,1,upland
8/6/13,T2E4,T2,E4,2013,6.4,9.3333,0.35,0.0015729,0.025532,21,1,upland
8/19/13,T2E4,T2,E4,2013,9.7,12.7,0.67,-0.031067,-0.0019571,20.7,1,upland
9/11/13,T2E4,T2,E4,2013,7.6,8.9333,0.59,-0.10145,-0.0024519,20.8,1,upland
6/25/12,T2W1,T2,W1,2012,58.1,11.4667,2.53,NaN,NaN,NaN,1,riparian
7/2/12,T2W1,T2,W1,2012,53.9,11.5333,1.36,NaN,NaN,NaN,1,riparian
7/10/12,T2W1,T2,W1,2012,NaN,11.3,NaN,NaN,NaN,NaN,1,riparian
7/10/12,T2W1,T2,W1,2012,68.7,11.1333,0.74,1.58E-05,-0.0036758,20.3,1,riparian
7/16/12,T2W1,T2,W1,2012,61.5,11.4,1.06,NaN,NaN,20.2,1,riparian
7/18/12,T2W1,T2,W1,2012,59.7,12.3,1.28,0.0088536,0.01902,NaN,1,riparian
7/23/12,T2W1,T2,W1,2012,58.1,12.3667,0.65,-0.00024838,0.0083645,NaN,1,riparian
7/25/12,T2W1,T2,W1,2012,63.8,11.8667,1.3,NaN,NaN,20.4,1,riparian
7/31/12,T2W1,T2,W1,2012,59.9,12.9,1.36,-4.32E-05,0.0069571,19.7,1,riparian
8/2/12,T2W1,T2,W1,2012,60.7,11.4667,1.06,NaN,NaN,20.1,1,riparian
8/7/12,T2W1,T2,W1,2012,62.8,11.7667,1.05,-0.00028606,0.007398,19,1,riparian
8/17/12,T2W1,T2,W1,2012,54.1,10.3,0.56,NaN,0.0029168,NaN,1,riparian
8/31/12,T2W1,T2,W1,2012,51.6,9.8667,0.73,-0.0017209,0.012166,20.6,1,riparian
5/29/13,T2W1,T2,W1,2013,62.4,8,NaN,0.00027006,-0.0083263,NaN,1,riparian
6/5/13,T2W1,T2,W1,2013,63.5,6,0.22,NaN,0.00011551,NaN,1,riparian
6/18/13,T2W1,T2,W1,2013,62.8,14.3333,0.23,NaN,0,NaN,1,riparian
6/25/13,T2W1,T2,W1,2013,47.6,9.2333,0.2,0.00018963,0.029605,20.3,1,riparian
7/10/13,T2W1,T2,W1,2013,59.6,11.6667,0.5,-0.00024586,0.0078872,20.5,1,riparian
7/16/13,T2W1,T2,W1,2013,53.8,11.5667,0.45,NaN,NaN,20.4,1,riparian
7/23/13,T2W1,T2,W1,2013,54.6,16,0.84,-0.0017795,0.011661,20.4,1,riparian
7/30/13,T2W1,T2,W1,2013,56.5,10.8333,0.56,-0.0029685,-0.0065169,NaN,1,riparian
8/6/13,T2W1,T2,W1,2013,56.5,10.3333,0.54,0.00030312,0.015361,20.8,1,riparian
8/19/13,T2W1,T2,W1,2013,53.3,11.8667,0.96,NaN,NaN,20,1,riparian
9/10/13,T2W1,T2,W1,2013,58.5,11.1667,0.65,0.00043902,0.00929,20.1,1,riparian
6/25/12,T2W2,T2,W2,2012,69.7,12.5,1.51,0.10566,0.018819,NaN,3,riparian
7/2/12,T2W2,T2,W2,2012,48.3,12.1667,0.97,NaN,0.0027,20.6,3,riparian
7/10/12,T2W2,T2,W2,2012,39.7,14.0667,0.4,0.022067,0.013269,20.2,3,riparian
7/16/12,T2W2,T2,W2,2012,34.3,13.2333,0.89,NaN,NaN,NaN,3,riparian
7/18/12,T2W2,T2,W2,2012,37.9,13.4,0.94,0.01948,0.018517,NaN,3,riparian
7/23/12,T2W2,T2,W2,2012,17.4,14.5667,0.59,0.02985,0.0048528,NaN,3,riparian
7/25/12,T2W2,T2,W2,2012,38,12.2333,1.03,NaN,NaN,20.7,3,riparian
7/31/12,T2W2,T2,W2,2012,10.4,14.3667,0.79,NaN,-0.0094116,NaN,3,riparian
8/2/12,T2W2,T2,W2,2012,10.1,12.5333,0.5,NaN,NaN,20.1,3,riparian
8/7/12,T2W2,T2,W2,2012,24.4,11.5333,0.59,0.034496,0.010597,19.2,3,riparian
8/17/12,T2W2,T2,W2,2012,39.4,9.9,0.49,0.0075993,0.0080588,20.8,3,riparian
8/31/12,T2W2,T2,W2,2012,28.3,9.5667,0.26,0.016327,0.012951,20.9,3,riparian
5/29/13,T2W2,T2,W2,2013,NaN,NaN,NaN,NaN,NaN,NaN,3,riparian
6/5/13,T2W2,T2,W2,2013,55.7,3.6667,0.58,NaN,NaN,NaN,3,riparian
6/18/13,T2W2,T2,W2,2013,55.2,11.6667,0.27,NaN,NaN,NaN,3,riparian
6/25/13,T2W2,T2,W2,2013,61.8,NaN,NaN,NaN,NaN,NaN,3,riparian
7/1/13,T2W2,T2,W2,2013,62.3,15.3333,0.81,0.001373,-0.0069393,20.5,3,riparian
7/10/13,T2W2,T2,W2,2013,NaN,13,1.04,NaN,NaN,NaN,3,riparian
7/16/13,T2W2,T2,W2,2013,43.8,11.0667,0.3,0.0026895,NaN,20.6,3,riparian
7/23/13,T2W2,T2,W2,2013,25.4,13.3667,0.58,NaN,0.023337,NaN,3,riparian
7/30/13,T2W2,T2,W2,2013,38.8,11.8333,0.37,-2.83E-05,-0.0090126,NaN,3,riparian
8/6/13,T2W2,T2,W2,2013,16.1,11,0.36,0.0018235,0.0082612,20.8,3,riparian
8/19/13,T2W2,T2,W2,2013,52.3,10.9,0.71,NaN,NaN,20.7,3,riparian
9/10/13,T2W2,T2,W2,2013,53,11.8333,0.43,0.00077625,0.0051395,20.7,3,riparian
6/25/12,T2W3,T2,W3,2012,48.6,14.8,1.9,-0.00037483,0.019716,NaN,6,transition
7/2/12,T2W3,T2,W3,2012,46.9,16.9,1.54,-0.00089656,0.012697,20.4,6,transition
7/10/12,T2W3,T2,W3,2012,49.4,15.9333,0.62,0.0017917,0.0014071,20.1,6,transition
7/16/12,T2W3,T2,W3,2012,46.3,15.7333,0.83,NaN,NaN,NaN,6,transition
7/18/12,T2W3,T2,W3,2012,34.3,18.2667,1.19,-0.00021848,0.017635,NaN,6,transition
7/23/12,T2W3,T2,W3,2012,36.6,17.0667,0.91,-0.0014718,0.017592,19.1,6,transition
7/25/12,T2W3,T2,W3,2012,42.7,17,1.09,NaN,NaN,NaN,6,transition
7/31/12,T2W3,T2,W3,2012,34.8,19.2333,1.15,0.64983,0.0023819,19.6,6,transition
8/2/12,T2W3,T2,W3,2012,36.6,15.4667,0.67,NaN,NaN,NaN,6,transition
8/7/12,T2W3,T2,W3,2012,30.7,15.1,0.69,NaN,NaN,NaN,6,transition
8/17/12,T2W3,T2,W3,2012,30.9,12.7667,0.81,NaN,0.0028701,NaN,6,transition
8/31/12,T2W3,T2,W3,2012,16,12.2333,0.32,-0.0041768,0.013122,21,6,transition
5/29/13,T2W3,T2,W3,2013,50.9,8,NaN,0.00011456,-0.0056193,NaN,6,transition
6/5/13,T2W3,T2,W3,2013,52.9,4.3333,0.48,NaN,0.0032709,NaN,6,transition
6/9/13,T2W3,T2,W3,2013,NaN,6,0.34,NaN,NaN,NaN,6,transition
6/12/13,T2W3,T2,W3,2013,49.5,13.5,0.95,-0.00017042,0.00046897,18.9,6,transition
6/18/13,T2W3,T2,W3,2013,51,11.6667,0.17,NaN,0.00023411,NaN,6,transition
6/25/13,T2W3,T2,W3,2013,50.2,10,0.47,-0.00013405,-0.015465,20.1,6,transition
7/1/13,T2W3,T2,W3,2013,47.9,17.6667,1.47,-0.002746,-0.00046977,20.3,6,transition
7/10/13,T2W3,T2,W3,2013,45.5,12.6667,0.65,-0.0027547,0.012245,21,6,transition
7/16/13,T2W3,T2,W3,2013,42.6,14.3,0.77,-0.0041788,NaN,20.3,6,transition
7/23/13,T2W3,T2,W3,2013,27.7,15.1333,1.18,-0.0003694,0.01248,20.6,6,transition
7/30/13,T2W3,T2,W3,2013,44.8,13.7333,0.57,-0.00022196,-0.0061272,NaN,6,transition
8/6/13,T2W3,T2,W3,2013,44.3,11.6667,0.83,0.00024904,0.0042442,20.7,6,transition
8/19/13,T2W3,T2,W3,2013,44.3,15.8333,1.5,0.00012452,0.0047158,20.7,6,transition
9/10/13,T2W3,T2,W3,2013,29.5,14.8333,0.77,0.0013831,-0.0014372,20.4,6,transition
7/10/12,T2W4,T2,W4,2012,9.6,13.5,0.59,-0.045549,0.018595,20.7,6,upland
7/16/12,T2W4,T2,W4,2012,8.8,12.1333,0.35,NaN,NaN,NaN,6,upland
7/18/12,T2W4,T2,W4,2012,9.4,15.1333,NaN,-0.066882,0.046986,NaN,6,upland
7/23/12,T2W4,T2,W4,2012,6.8,14.6,0.57,-0.071941,0.0088343,NaN,6,upland
7/25/12,T2W4,T2,W4,2012,7.8,14.1,0.6,NaN,NaN,NaN,6,upland
7/31/12,T2W4,T2,W4,2012,5,16.6,0.46,-0.1229,0.0039339,20,6,upland
8/2/12,T2W4,T2,W4,2012,5.8,12.4333,0.3,NaN,NaN,NaN,6,upland
8/7/12,T2W4,T2,W4,2012,7,13.4333,0.38,-0.044946,0.013249,NaN,6,upland
8/17/12,T2W4,T2,W4,2012,7.3,10.6333,0.29,-0.023759,0.013244,20.7,6,upland
8/31/12,T2W4,T2,W4,2012,6.3,9.4667,0.18,-0.024605,0.01866,20.8,6,upland
5/29/13,T2W4,T2,W4,2013,34,3,NaN,-0.00029626,-0.0071517,NaN,6,upland
6/5/13,T2W4,T2,W4,2013,23.7,1,0.18,-0.014471,-0.010605,NaN,6,upland
6/9/13,T2W4,T2,W4,2013,NaN,5.3333,0.23,NaN,NaN,NaN,6,upland
6/12/13,T2W4,T2,W4,2013,29.5,10.3333,0.53,-0.00081077,0.0038326,21,6,upland
6/18/13,T2W4,T2,W4,2013,33.6,9,0.19,-0.0014392,0.0057238,21,6,upland
6/25/13,T2W4,T2,W4,2013,27.9,7.7333,0.3,-0.0029743,-0.010078,21,6,upland
7/1/13,T2W4,T2,W4,2013,21,11.6667,0.43,-0.001692,-0.0048343,21,6,upland
7/10/13,T2W4,T2,W4,2013,14.1,12.3333,0.27,NaN,0.00097398,21,6,upland
7/16/13,T2W4,T2,W4,2013,9.3,10.8667,0.02,-0.065477,NaN,21,6,upland
7/23/13,T2W4,T2,W4,2013,8.4,13.6333,0.27,NaN,0.0014699,NaN,6,upland
7/30/13,T2W4,T2,W4,2013,4.2,12.6333,0.25,-0.0023733,0.0024608,NaN,6,upland
8/6/13,T2W4,T2,W4,2013,7.1,9.6667,0.37,-0.007225,0.0093221,21,6,upland
8/19/13,T2W4,T2,W4,2013,10.2,14.2,0.48,-0.007622,0.0088023,20.7,6,upland
9/10/13,T2W4,T2,W4,2013,7.7,11.3,0.63,-0.073102,0.00098064,20.7,6,upland
7/11/12,WH1,WH,1,2012,9.9,14.9333,0.52,NaN,NaN,20.5,7,upland
7/14/12,WH1,WH,1,2012,9.4,12.6333,0.48,NaN,NaN,NaN,7,upland
7/16/12,WH1,WH,1,2012,8.1,15.1,0.54,NaN,NaN,NaN,7,upland
7/19/12,WH1,WH,1,2012,8.3,16.3333,NaN,NaN,NaN,19.7,7,upland
7/23/12,WH1,WH,1,2012,6.6,11.8,0.88,NaN,NaN,NaN,7,upland
7/27/12,WH1,WH,1,2012,7.6,11.8333,0.77,NaN,NaN,20.9,7,upland
8/1/12,WH1,WH,1,2012,5.5,12.9333,0.35,NaN,NaN,NaN,7,upland
8/2/12,WH1,WH,1,2012,6.3,15.6,0.39,NaN,NaN,NaN,7,upland
8/8/12,WH1,WH,1,2012,6.1,16.3,0.28,NaN,NaN,NaN,7,upland
7/11/12,WH2,WH,2,2012,6.3,16.7,0.48,NaN,NaN,20.9,1,upland
7/14/12,WH2,WH,2,2012,8.6,13.4333,0.65,NaN,NaN,NaN,1,upland
7/16/12,WH2,WH,2,2012,7.3,15.1667,0.53,NaN,NaN,NaN,1,upland
7/19/12,WH2,WH,2,2012,9.6,16.2333,NaN,NaN,NaN,19.3,1,upland
7/23/12,WH2,WH,2,2012,9.1,12.6667,0.62,NaN,NaN,NaN,1,upland
7/27/12,WH2,WH,2,2012,6.8,11.7667,0.53,NaN,NaN,20.8,1,upland
8/1/12,WH2,WH,2,2012,5.5,13.0667,0.43,NaN,NaN,NaN,1,upland
8/2/12,WH2,WH,2,2012,6.3,14.3,0.41,NaN,NaN,NaN,1,upland
8/8/12,WH2,WH,2,2012,5.8,14.6667,0.36,NaN,NaN,NaN,1,upland
5/29/13,WH2,WH,2,2013,26.8,6,NaN,-0.002831,-0.0072067,NaN,1,upland
6/4/13,WH2,WH,2,2013,21.1,1.3333,NaN,-0.044893,0.012084,NaN,1,upland
6/5/13,WH2,WH,2,2013,32.5,4.3333,0.14,-0.023489,0.017191,NaN,1,upland
6/9/13,WH2,WH,2,2013,NaN,9,0.42,NaN,NaN,NaN,1,upland
6/12/13,WH2,WH,2,2013,22.5,13.6667,0.59,-0.035628,0.019306,21,1,upland
6/13/13,WH2,WH,2,2013,33.1,4.3333,0.07,NaN,-0.00095447,NaN,1,upland
6/17/13,WH2,WH,2,2013,26.9,12.4333,0.27,-0.026164,0.013932,NaN,1,upland
6/27/13,WH2,WH,2,2013,27.3,12.2667,0.25,-0.017595,0.0091237,NaN,1,upland
7/2/13,WH2,WH,2,2013,25.1,12,0.46,-0.030172,0.012514,NaN,1,upland
7/11/13,WH2,WH,2,2013,11.3,12.6667,0.25,NaN,-0.00097689,NaN,1,upland
7/16/13,WH2,WH,2,2013,6.1,11.5667,0.16,NaN,NaN,NaN,1,upland
7/23/13,WH2,WH,2,2013,5.7,17.3333,0.42,NaN,NaN,20.7,1,upland
7/29/13,WH2,WH,2,2013,6.4,12.3333,0.63,NaN,-0.0011048,21,1,upland
8/6/13,WH2,WH,2,2013,5.7,14.3333,0.57,-0.069077,0.0019655,20.8,1,upland
8/19/13,WH2,WH,2,2013,14.7,13.0667,0.54,-0.051511,0.0063268,21.2,1,upland
9/11/13,WH2,WH,2,2013,9.5,11.8,0.48,NaN,NaN,NaN,1,upland
7/11/12,WH3,WH,3,2012,6,12.6667,0.49,NaN,NaN,21.4,5,upland
7/14/12,WH3,WH,3,2012,9.2,13,0.55,NaN,NaN,NaN,5,upland
7/16/12,WH3,WH,3,2012,10.9,13.7333,0.34,NaN,NaN,NaN,5,upland
7/19/12,WH3,WH,3,2012,9.1,14.3,NaN,NaN,NaN,19.8,5,upland
7/23/12,WH3,WH,3,2012,7.9,11.7667,0.67,NaN,NaN,NaN,5,upland
7/27/12,WH3,WH,3,2012,6.5,10.8667,0.35,NaN,NaN,20.9,5,upland
8/1/12,WH3,WH,3,2012,6,10.9333,0.2,NaN,NaN,NaN,5,upland
8/2/12,WH3,WH,3,2012,7,13.1333,0.17,NaN,NaN,NaN,5,upland
8/8/12,WH3,WH,3,2012,6.8,13.8333,0.14,NaN,NaN,NaN,5,upland
5/29/13,WH3,WH,3,2013,25.3,5,NaN,-0.0017514,-0.0091431,NaN,5,upland
6/5/13,WH3,WH,3,2013,32.7,2.3333,0.13,-0.011713,0.0057293,NaN,5,upland
6/9/13,WH3,WH,3,2013,NaN,7.8333,0.32,NaN,NaN,NaN,5,upland
6/13/13,WH3,WH,3,2013,32.1,5,0.1,-0.00053569,0.033442,NaN,5,upland
6/17/13,WH3,WH,3,2013,21.4,11.1667,0.2,NaN,0.0048322,NaN,5,upland
6/27/13,WH3,WH,3,2013,21.9,8.9,0.25,-0.027053,-0.0086933,21,5,upland
7/2/13,WH3,WH,3,2013,19.9,10.6667,0.24,-0.036736,0.001936,NaN,5,upland
7/11/13,WH3,WH,3,2013,13.5,11,0.39,-0.0089108,0,NaN,5,upland
7/16/13,WH3,WH,3,2013,7.3,10.6667,0.15,-0.022097,NaN,20.8,5,upland
7/23/13,WH3,WH,3,2013,8.4,14.3333,0.3,-0.0024989,-0.0019598,20.8,5,upland
7/29/13,WH3,WH,3,2013,6,11,0.57,-0.070067,0.0034385,NaN,5,upland
8/6/13,WH3,WH,3,2013,8.5,11.6667,0.38,-0.040845,0.0024495,21,5,upland
8/19/13,WH3,WH,3,2013,7.2,13.0667,0.29,-0.034252,-0.0083399,21,5,upland
9/11/13,WH3,WH,3,2013,7.8,10.4667,0.38,-0.074308,0.0034319,20.8,5,upland
7/11/12,WH4,WH,4,2012,7.3,12.1333,0.29,NaN,NaN,20,2,upland
7/14/12,WH4,WH,4,2012,7.3,13.2667,0.31,NaN,NaN,NaN,2,upland
7/16/12,WH4,WH,4,2012,7.6,13.7667,0.16,NaN,NaN,NaN,2,upland
7/19/12,WH4,WH,4,2012,9.4,14.8333,NaN,NaN,NaN,19.6,2,upland
7/23/12,WH4,WH,4,2012,4.2,12.2667,0.35,NaN,NaN,NaN,2,upland
7/27/12,WH4,WH,4,2012,6.8,11.4333,0.22,NaN,NaN,20.9,2,upland
8/1/12,WH4,WH,4,2012,5.8,12.3667,0.06,NaN,NaN,NaN,2,upland
8/2/12,WH4,WH,4,2012,6.3,13.6667,0.16,NaN,NaN,NaN,2,upland
8/8/12,WH4,WH,4,2012,5.9,13.8667,0.11,NaN,NaN,NaN,2,upland
5/29/13,WH4,WH,4,2013,20.5,5.6667,NaN,-0.0071984,-0.0087063,NaN,2,upland
6/5/13,WH4,WH,4,2013,30.5,2.4333,0.22,-0.0096933,0.0028714,NaN,2,upland
6/9/13,WH4,WH,4,2013,NaN,8.8333,0.11,NaN,NaN,NaN,2,upland
6/13/13,WH4,WH,4,2013,23.9,4.3333,0.07,-0.00045738,0.036145,NaN,2,upland
6/17/13,WH4,WH,4,2013,25.1,10.3,0.19,-0.0010383,0.01829,NaN,2,upland
6/27/13,WH4,WH,4,2013,21.8,8.4,0.19,-0.0049999,0.032845,20.5,2,upland
7/2/13,WH4,WH,4,2013,16.4,11.3333,0.63,-0.0070722,-0.013602,NaN,2,upland
7/11/13,WH4,WH,4,2013,11.7,12,0.28,-0.033342,0.0087883,NaN,2,upland
7/16/13,WH4,WH,4,2013,5.6,11.8667,0.18,NaN,NaN,20.9,2,upland
7/23/13,WH4,WH,4,2013,7.7,16.3333,0.13,-0.030216,0.0053935,20.9,2,upland
7/29/13,WH4,WH,4,2013,5.2,11.5,0.46,NaN,NaN,21,2,upland
8/6/13,WH4,WH,4,2013,5.4,12.6667,0.19,-0.066924,-0.0039322,20.8,2,upland
8/19/13,WH4,WH,4,2013,9.2,11.9667,0.76,NaN,NaN,NaN,2,upland
9/11/13,WH4,WH,4,2013,8.5,10.4,0.4,NaN,NaN,NaN,2,upland
7/11/12,WH5,WH,5,2012,14,15.9667,0.51,NaN,NaN,20.7,7,upland
7/14/12,WH5,WH,5,2012,13.2,15.4,0.5,NaN,NaN,20.2,7,upland
7/16/12,WH5,WH,5,2012,15.8,19.1333,0.5,NaN,NaN,NaN,7,upland
7/19/12,WH5,WH,5,2012,20.4,17.9333,NaN,NaN,NaN,19.7,7,upland
7/23/12,WH5,WH,5,2012,16.2,14.1667,0.33,NaN,NaN,NaN,7,upland
7/27/12,WH5,WH,5,2012,15.5,13.2333,0.3,NaN,NaN,20.9,7,upland
8/1/12,WH5,WH,5,2012,10.4,13.3333,0.19,NaN,NaN,NaN,7,upland
8/2/12,WH5,WH,5,2012,11.9,18.9,0.28,NaN,NaN,NaN,7,upland
8/8/12,WH5,WH,5,2012,12.9,16.6667,0.38,NaN,NaN,NaN,7,upland
7/11/12,WH6,WH,6,2012,5.5,11.6333,1.24,NaN,NaN,21,7,upland
7/14/12,WH6,WH,6,2012,6.8,11.6667,0.27,NaN,NaN,NaN,7,upland
7/16/12,WH6,WH,6,2012,8.6,11.4333,0.45,NaN,NaN,NaN,7,upland
7/19/12,WH6,WH,6,2012,8.3,14.1667,NaN,NaN,NaN,20,7,upland
7/23/12,WH6,WH,6,2012,6.6,11.5,0.32,NaN,NaN,NaN,7,upland
7/27/12,WH6,WH,6,2012,5.8,10.8667,0.45,NaN,NaN,20.9,7,upland
8/1/12,WH6,WH,6,2012,6,11.0667,0.39,NaN,NaN,NaN,7,upland
8/2/12,WH6,WH,6,2012,5.2,11.8667,0.72,NaN,NaN,NaN,7,upland
8/8/12,WH6,WH,6,2012,5.9,12.2333,0.59,NaN,NaN,NaN,7,upland
7/11/12,WH7,WH,7,2012,10.9,11.5667,0.33,NaN,NaN,20.4,7,upland
7/14/12,WH7,WH,7,2012,8.8,14.3,0.81,NaN,NaN,NaN,7,upland
7/16/12,WH7,WH,7,2012,9.4,14,0.35,NaN,NaN,NaN,7,upland
7/19/12,WH7,WH,7,2012,10.7,17.4333,NaN,NaN,NaN,20.3,7,upland
7/23/12,WH7,WH,7,2012,8.9,13.1,0.52,NaN,NaN,NaN,7,upland
7/27/12,WH7,WH,7,2012,7.8,12.2,0.42,NaN,NaN,20.7,7,upland
8/1/12,WH7,WH,7,2012,5.5,12.2,0.39,NaN,NaN,NaN,7,upland
8/2/12,WH7,WH,7,2012,4.7,15.6,0.36,NaN,NaN,NaN,7,upland
8/8/12,WH7,WH,7,2012,7.3,14.8667,0.22,NaN,NaN,NaN,7,upland